host_time_utc,host_elapsed_s,sequence,timestamp_us,raw_x,raw_y,raw_z,median_x,median_y,median_z,calibrated_x_g,calibrated_y_g,calibrated_z_g,filtered_x_g,filtered_y_g,filtered_z_g,filtered_x_ms2,filtered_y_ms2,filtered_z_ms2,flags
2026-08-09T20:53:57.699+00:00,0.005218,335200,711525623,-153,334,8123,,,,,,,,,,,,,0x00000007
2026-08-09T20:53:58.487+00:00,0.793227,335250,711631740,-146,348,8110,,,,,,,,,,,,,0x00000007
2026-08-09T20:53:58.491+00:00,0.796842,335300,711737856,-141,350,8150,,,,,,,,,,-0.203,0.398,9.840,0x00000007
2026-08-09T20:53:58.493+00:00,0.798744,335350,711843972,-146,344,8128,,,,,,,,,,-0.204,0.401,9.822,0x00000007
2026-08-09T20:53:58.495+00:00,0.800699,335400,711950089,-146,344,8124,,,,,,,,,,-0.212,0.395,9.801,0x00000007
2026-08-09T20:53:58.497+00:00,0.802694,335450,712056205,-163,365,8144,,,,,,,,,,-0.205,0.397,9.833,0x00000007
2026-08-09T20:53:58.499+00:00,0.804600,335500,712162321,-134,338,8129,,,,,,,,,,-0.195,0.404,9.830,0x00000007
2026-08-09T20:53:58.501+00:00,0.806413,335550,712268438,-148,345,8128,,,,,,,,,,-0.208,0.397,9.819,0x00000007
2026-08-09T20:53:58.545+00:00,0.851228,335600,712374554,-119,335,8127,,,,,,,,,,-0.193,0.398,9.829,0x00000007
2026-08-09T20:53:58.651+00:00,0.957078,335650,712480670,-134,328,8123,,,,,,,,,,-0.203,0.399,9.809,0x00000007
2026-08-09T20:53:58.757+00:00,1.062693,335700,712586787,-151,329,8138,,,,,,,,,,-0.207,0.396,9.834,0x00000007
2026-08-09T20:53:58.863+00:00,1.168907,335750,712692903,-141,366,8128,,,,,,,,,,-0.203,0.411,9.831,0x00000007
2026-08-09T20:53:58.969+00:00,1.275096,335800,712799019,-155,347,8127,,,,,,,,,,-0.205,0.398,9.815,0x00000007
2026-08-09T20:53:59.075+00:00,1.381055,335850,712905136,-173,346,8106,,,,,,,,,,-0.210,0.392,9.815,0x00000007
2026-08-09T20:53:59.181+00:00,1.486984,335900,713011252,-136,344,8138,,,,,,,,,,-0.203,0.400,9.807,0x00000007
2026-08-09T20:53:59.288+00:00,1.593747,335950,713117368,-146,338,8134,,,,,,,,,,-0.207,0.403,9.828,0x00000007
2026-08-09T20:53:59.394+00:00,1.699445,336000,713223485,-162,332,8131,,,,,,,,,,-0.190,0.409,9.814,0x00000007
2026-08-09T20:53:59.499+00:00,1.805329,336050,713329601,-141,342,8153,,,,,,,,,,-0.196,0.384,9.835,0x00000007
2026-08-09T20:53:59.606+00:00,1.911495,336100,713435718,-154,338,8140,,,,,,,,,,-0.210,0.392,9.830,0x00000007
2026-08-09T20:53:59.712+00:00,2.017758,336150,713541834,-155,357,8140,,,,,,,,,,-0.214,0.387,9.829,0x00000007
2026-08-09T20:53:59.818+00:00,2.123872,336200,713647950,-151,356,8129,,,,,,,,,,-0.205,0.402,9.820,0x00000007
2026-08-09T20:53:59.924+00:00,2.229997,336250,713754066,-151,356,8151,,,,,,,,,,-0.210,0.399,9.821,0x00000007
2026-08-09T20:54:00.030+00:00,2.336086,336300,713860183,-136,334,8133,,,,,,,,,,-0.205,0.391,9.824,0x00000007
2026-08-09T20:54:00.136+00:00,2.442328,336350,713966299,-144,341,8134,,,,,,,,,,-0.200,0.392,9.809,0x00000007
2026-08-09T20:54:00.242+00:00,2.548228,336400,714072415,-144,339,8132,,,,,,,,,,-0.203,0.402,9.832,0x00000007
2026-08-09T20:54:00.348+00:00,2.654234,336450,714178532,-143,329,8144,,,,,,,,,,-0.213,0.396,9.841,0x00000007
2026-08-09T20:54:00.455+00:00,2.760475,336500,714284648,-147,337,8135,,,,,,,,,,-0.213,0.397,9.814,0x00000007
2026-08-09T20:54:00.561+00:00,2.866498,336550,714390765,-146,344,8136,,,,,,,,,,-0.210,0.397,9.822,0x00000007
2026-08-09T20:54:00.666+00:00,2.972188,336600,714496881,-137,342,8134,,,,,,,,,,-0.209,0.404,9.823,0x00000007
2026-08-09T20:54:00.773+00:00,3.078759,336650,714602997,-155,334,8130,,,,,,,,,,-0.211,0.398,9.826,0x00000007
2026-08-09T20:54:00.878+00:00,3.184221,336700,714709114,-160,356,8126,,,,,,,,,,-0.215,0.400,9.822,0x00000007
2026-08-09T20:54:00.985+00:00,3.290797,336750,714815230,-164,352,8123,,,,,,,,,,-0.219,0.406,9.826,0x00000007
2026-08-09T20:54:01.091+00:00,3.397031,336800,714921346,-152,334,8136,,,,,,,,,,-0.204,0.398,9.823,0x00000007
2026-08-09T20:54:01.197+00:00,3.502892,336850,715027462,-195,350,8122,,,,,,,,,,-0.216,0.368,9.824,0x00000007
2026-08-09T20:54:01.304+00:00,3.609488,336900,715133579,-144,322,8147,,,,,,,,,,-0.203,0.389,9.807,0x00000007
2026-08-09T20:54:01.410+00:00,3.715482,336950,715239695,-137,351,8131,,,,,,,,,,-0.190,0.402,9.817,0x00000007
2026-08-09T20:54:01.516+00:00,3.821595,337000,715345811,-155,363,8123,,,,,,,,,,-0.211,0.399,9.818,0x00000007
2026-08-09T20:54:01.622+00:00,3.927508,337050,715451927,-130,360,8132,,,,,,,,,,-0.204,0.394,9.829,0x00000007
2026-08-09T20:54:01.728+00:00,4.033732,337100,715558044,-161,340,8144,,,,,,,,,,-0.216,0.410,9.826,0x00000007
2026-08-09T20:54:01.834+00:00,4.139769,337150,715664160,-143,359,8125,,,,,,,,,,-0.210,0.391,9.816,0x00000007
2026-08-09T20:54:01.940+00:00,4.245914,337200,715770277,-152,342,8135,,,,,,,,,,-0.211,0.400,9.832,0x00000007
2026-08-09T20:54:02.046+00:00,4.351962,337250,715876393,-151,356,8142,,,,,,,,,,-0.215,0.407,9.819,0x00000007
2026-08-09T20:54:02.152+00:00,4.458071,337300,715982509,-152,363,8165,,,,,,,,,,-0.208,0.399,9.812,0x00000007
2026-08-09T20:54:02.259+00:00,4.564451,337350,716088626,-156,363,8135,,,,,,,,,,-0.198,0.389,9.819,0x00000007
2026-08-09T20:54:02.365+00:00,4.670913,337400,716194742,-176,335,8155,,,,,,,,,,-0.194,0.400,9.816,0x00000007
2026-08-09T20:54:02.470+00:00,4.776375,337450,716300858,-156,329,8115,,,,,,,,,,-0.198,0.421,9.835,0x00000007
2026-08-09T20:54:02.576+00:00,4.882377,337500,716406974,-156,353,8154,,,,,,,,,,-0.208,0.414,9.814,0x00000007
2026-08-09T20:54:02.683+00:00,4.988658,337550,716513091,-133,341,8150,,,,,,,,,,-0.214,0.388,9.830,0x00000007
2026-08-09T20:54:02.789+00:00,5.094542,337600,716619207,-152,339,8107,,,,,,,,,,-0.194,0.402,9.817,0x00000007
2026-08-09T20:54:02.895+00:00,5.200654,337650,716725323,-140,366,8112,,,,,,,,,,-0.211,0.402,9.808,0x00000007
2026-08-09T20:54:03.001+00:00,5.306637,337700,716831440,-153,360,8139,,,,,,,,,,-0.202,0.403,9.810,0x00000007
2026-08-09T20:54:03.107+00:00,5.412880,337750,716937557,-152,354,8117,,,,,,,,,,-0.203,0.394,9.806,0x00000007
2026-08-09T20:54:03.213+00:00,5.518882,337800,717043672,-136,345,8101,,,,,,,,,,-0.204,0.400,9.827,0x00000007
2026-08-09T20:54:03.319+00:00,5.625199,337850,717149789,-153,348,8140,,,,,,,,,,-0.205,0.402,9.820,0x00000007
2026-08-09T20:54:03.425+00:00,5.731385,337900,717255906,-133,339,8117,,,,,,,,,,-0.193,0.410,9.806,0x00000007
2026-08-09T20:54:03.532+00:00,5.837507,337950,717362022,-134,357,8126,,,,,,,,,,-0.196,0.406,9.814,0x00000007
2026-08-09T20:54:03.637+00:00,5.943356,338000,717468138,-138,347,8138,,,,,,,,,,-0.204,0.400,9.830,0x00000007
2026-08-09T20:54:03.744+00:00,6.049498,338050,717574254,-148,336,8147,,,,,,,,,,-0.198,0.419,9.811,0x00000007
2026-08-09T20:54:03.850+00:00,6.155469,338100,717680371,-152,340,8128,,,,,,,,,,-0.212,0.395,9.818,0x00000007
2026-08-09T20:54:03.956+00:00,6.261776,338150,717786487,-162,361,8139,,,,,,,,,,-0.210,0.395,9.832,0x00000007
2026-08-09T20:54:04.062+00:00,6.367928,338200,717892604,-142,337,8137,,,,,,,,,,-0.206,0.398,9.815,0x00000007
2026-08-09T20:54:04.168+00:00,6.474186,338250,717998720,-150,344,8148,,,,,,,,,,-0.200,0.403,9.828,0x00000007
2026-08-09T20:54:04.274+00:00,6.580252,338300,718104836,-144,353,8136,,,,,,,,,,-0.201,0.391,9.829,0x00000007
2026-08-09T20:54:04.381+00:00,6.686803,338350,718210952,-159,358,8134,,,,,,,,,,-0.205,0.397,9.832,0x00000007
2026-08-09T20:54:04.487+00:00,6.792672,338400,718317069,-157,359,8137,,,,,,,,,,-0.203,0.395,9.835,0x00000007
2026-08-09T20:54:04.592+00:00,6.898171,338450,718423185,-145,356,8120,,,,,,,,,,-0.194,0.416,9.814,0x00000007
2026-08-09T20:54:04.699+00:00,7.004540,338500,718529301,-141,358,8135,,,,,,,,,,-0.205,0.403,9.812,0x00000007
2026-08-09T20:54:04.805+00:00,7.111097,338550,718635419,-152,343,8154,,,,,,,,,,-0.203,0.396,9.829,0x00000007
2026-08-09T20:54:04.911+00:00,7.216598,338600,718741534,-165,330,8136,,,,,,,,,,-0.219,0.407,9.833,0x00000007
2026-08-09T20:54:05.017+00:00,7.322699,338650,718847651,-140,337,8120,,,,,,,,,,-0.210,0.398,9.812,0x00000007
2026-08-09T20:54:05.123+00:00,7.428993,338700,718953767,-147,343,8147,,,,,,,,,,-0.200,0.401,9.827,0x00000007
2026-08-09T20:54:05.229+00:00,7.534863,338750,719059883,-144,348,8154,,,,,,,,,,-0.205,0.401,9.811,0x00000007
2026-08-09T20:54:05.335+00:00,7.640747,338800,719166000,-128,357,8137,,,,,,,,,,-0.204,0.404,9.817,0x00000007
2026-08-09T20:54:05.441+00:00,7.746833,338850,719272116,-141,350,8122,,,,,,,,,,-0.194,0.422,9.827,0x00000007
2026-08-09T20:54:05.547+00:00,7.852885,338900,719378232,-132,369,8150,,,,,,,,,,-0.210,0.409,9.818,0x00000007
2026-08-09T20:54:05.653+00:00,7.959098,338950,719484349,-141,338,8137,,,,,,,,,,-0.186,0.389,9.826,0x00000007
2026-08-09T20:54:05.759+00:00,8.065119,339000,719590465,-148,338,8109,,,,,,,,,,-0.196,0.403,9.808,0x00000007
2026-08-09T20:54:05.865+00:00,8.171130,339050,719696582,-153,345,8148,,,,,,,,,,-0.204,0.404,9.822,0x00000007
2026-08-09T20:54:05.972+00:00,8.277802,339100,719802699,-139,364,8113,,,,,,,,,,-0.201,0.382,9.825,0x00000007
2026-08-09T20:54:06.078+00:00,8.383745,339150,719908814,-149,355,8137,,,,,,,,,,-0.206,0.402,9.823,0x00000007
2026-08-09T20:54:06.184+00:00,8.490116,339200,720014931,-140,329,8152,,,,,,,,,,-0.207,0.408,9.838,0x00000007
2026-08-09T20:54:06.290+00:00,8.596447,339250,720121047,-145,353,8137,,,,,,,,,,-0.199,0.405,9.826,0x00000007
2026-08-09T20:54:06.396+00:00,8.702385,339300,720227164,-142,347,8148,,,,,,,,,,-0.202,0.386,9.827,0x00000007
2026-08-09T20:54:06.502+00:00,8.808419,339350,720333280,-161,332,8128,,,,,,,,,,-0.198,0.406,9.811,0x00000007
2026-08-09T20:54:06.608+00:00,8.913797,339400,720439396,-149,359,8132,,,,,,,,,,-0.200,0.392,9.836,0x00000007
2026-08-09T20:54:06.714+00:00,9.020355,339450,720545513,-152,345,8137,,,,,,,,,,-0.204,0.388,9.820,0x00000007
2026-08-09T20:54:06.821+00:00,9.126587,339500,720651629,-150,305,8132,,,,,,,,,,-0.194,0.406,9.835,0x00000007
2026-08-09T20:54:06.927+00:00,9.232702,339550,720757746,-143,335,8161,,,,,,,,,,-0.196,0.404,9.826,0x00000007
2026-08-09T20:54:07.033+00:00,9.338728,339600,720863862,-159,352,8157,,,,,,,,,,-0.209,0.396,9.823,0x00000007
2026-08-09T20:54:07.139+00:00,9.444927,339650,720969978,-149,352,8134,,,,,,,,,,-0.193,0.403,9.817,0x00000007
2026-08-09T20:54:07.245+00:00,9.551070,339700,721076095,-133,357,8128,,,,,,,,,,-0.210,0.409,9.831,0x00000007
2026-08-09T20:54:07.351+00:00,9.657232,339750,721182212,-144,352,8136,,,,,,,,,,-0.191,0.396,9.820,0x00000007
2026-08-09T20:54:07.457+00:00,9.763205,339800,721288327,-159,336,8140,,,,,,,,,,-0.203,0.393,9.825,0x00000007
2026-08-09T20:54:07.563+00:00,9.869419,339850,721394444,-137,355,8131,,,,,,,,,,-0.203,0.401,9.826,0x00000007
2026-08-09T20:54:07.670+00:00,9.975608,339900,721500560,-152,347,8123,,,,,,,,,,-0.208,0.401,9.812,0x00000007
2026-08-09T20:54:07.776+00:00,10.081500,339950,721606676,-145,355,8130,,,,,,,,,,-0.195,0.404,9.822,0x00000007
2026-08-09T20:54:07.881+00:00,10.187388,340000,721712792,-129,345,8143,,,,,,,,,,-0.185,0.397,9.813,0x00000007
2026-08-09T20:54:07.988+00:00,10.293582,340050,721818909,-150,328,8133,,,,,,,,,,-0.207,0.387,9.835,0x00000007
2026-08-09T20:54:08.094+00:00,10.400371,340100,721925025,-152,336,8152,,,,,,,,,,-0.191,0.405,9.823,0x00000007
2026-08-09T20:54:08.200+00:00,10.505844,340150,722031142,-139,366,8123,,,,,,,,,,-0.200,0.395,9.816,0x00000007
2026-08-09T20:54:08.306+00:00,10.612339,340200,722137258,-150,337,8132,,,,,,,,,,-0.202,0.406,9.805,0x00000007
2026-08-09T20:54:08.413+00:00,10.718505,340250,722243374,-140,321,8168,,,,,,,,,,-0.201,0.410,9.821,0x00000007
2026-08-09T20:54:08.518+00:00,10.824322,340300,722349491,-151,351,8113,,,,,,,,,,-0.201,0.392,9.821,0x00000007
2026-08-09T20:54:08.624+00:00,10.930424,340350,722455607,-140,336,8125,,,,,,,,,,-0.200,0.398,9.804,0x00000007
2026-08-09T20:54:08.731+00:00,11.036623,340400,722561723,-145,346,8123,,,,,,,,,,-0.199,0.408,9.818,0x00000007
2026-08-09T20:54:08.837+00:00,11.142527,340450,722667840,-144,335,8135,,,,,,,,,,-0.211,0.402,9.822,0x00000007
2026-08-09T20:54:08.943+00:00,11.248681,340500,722773956,-142,343,8131,,,,,,,,,,-0.202,0.401,9.829,0x00000007
2026-08-09T20:54:09.049+00:00,11.354857,340550,722880073,-145,342,8126,,,,,,,,,,-0.201,0.392,9.824,0x00000007
2026-08-09T20:54:09.155+00:00,11.460931,340600,722986189,-153,358,8145,,,,,,,,,,-0.201,0.395,9.828,0x00000007
2026-08-09T20:54:09.261+00:00,11.567082,340650,723092306,-151,335,8114,,,,,,,,,,-0.197,0.396,9.837,0x00000007
2026-08-09T20:54:09.368+00:00,11.673518,340700,723198422,-156,327,8136,,,,,,,,,,-0.208,0.410,9.826,0x00000007
2026-08-09T20:54:09.474+00:00,11.779607,340750,723304539,-163,338,8147,,,,,,,,,,-0.205,0.392,9.828,0x00000007
2026-08-09T20:54:09.580+00:00,11.885486,340800,723410654,-133,341,8115,,,,,,,,,,-0.201,0.425,9.824,0x00000007
2026-08-09T20:54:09.685+00:00,11.991060,340850,723516771,-136,362,8105,,,,,,,,,,-0.213,0.401,9.825,0x00000007
2026-08-09T20:54:09.792+00:00,12.097603,340900,723622887,-132,339,8131,,,,,,,,,,-0.200,0.398,9.835,0x00000007
2026-08-09T20:54:09.898+00:00,12.203673,340950,723729003,-157,340,8126,,,,,,,,,,-0.206,0.404,9.811,0x00000007
2026-08-09T20:54:10.004+00:00,12.309733,341000,723835121,-148,333,8138,,,,,,,,,,-0.193,0.385,9.828,0x00000007
2026-08-09T20:54:10.110+00:00,12.415863,341050,723941236,-152,340,8119,,,,,,,,,,-0.203,0.398,9.816,0x00000007
2026-08-09T20:54:10.216+00:00,12.521965,341100,724047353,-152,339,8114,,,,,,,,,,-0.213,0.401,9.830,0x00000007
2026-08-09T20:54:10.322+00:00,12.627816,341150,724153469,-143,355,8135,,,,,,,,,,-0.209,0.411,9.827,0x00000007
2026-08-09T20:54:10.428+00:00,12.734117,341200,724259585,-155,344,8135,,,,,,,,,,-0.203,0.392,9.821,0x00000007
2026-08-09T20:54:10.534+00:00,12.840149,341250,724365702,-128,326,8157,,,,,,,,,,-0.196,0.409,9.815,0x00000007
2026-08-09T20:54:10.640+00:00,12.946151,341300,724471818,-156,352,8135,,,,,,,,,,-0.205,0.398,9.826,0x00000007
2026-08-09T20:54:10.746+00:00,13.052159,341350,724577935,-157,327,8111,,,,,,,,,,-0.217,0.380,9.825,0x00000007
2026-08-09T20:54:10.853+00:00,13.158437,341400,724684051,-163,343,8151,,,,,,,,,,-0.199,0.400,9.843,0x00000007
2026-08-09T20:54:10.959+00:00,13.265023,341450,724790167,-142,344,8141,,,,,,,,,,-0.220,0.400,9.812,0x00000007
2026-08-09T20:54:11.065+00:00,13.371128,341500,724896284,-159,358,8157,,,,,,,,,,-0.216,0.398,9.829,0x00000007
2026-08-09T20:54:11.171+00:00,13.477188,341550,725002400,-158,338,8106,,,,,,,,,,-0.218,0.409,9.845,0x00000007
2026-08-09T20:54:11.277+00:00,13.583362,341600,725108516,-158,352,8147,,,,,,,,,,-0.211,0.409,9.826,0x00000007
2026-08-09T20:54:11.384+00:00,13.689522,341650,725214632,-152,332,8119,,,,,,,,,,-0.211,0.405,9.835,0x00000007
2026-08-09T20:54:11.489+00:00,13.795131,341700,725320749,-152,334,8139,,,,,,,,,,-0.204,0.387,9.814,0x00000007
2026-08-09T20:54:11.595+00:00,13.900828,341750,725426866,-156,358,8114,,,,,,,,,,-0.207,0.400,9.819,0x00000007
2026-08-09T20:54:13.061+00:00,15.366688,341800,725581753,-150,309,8158,,,,,,,,,,-0.186,0.424,9.815,0x00000007
2026-08-09T20:54:13.167+00:00,15.472910,341850,725687868,-158,372,8135,,,,,,,,,,-0.211,0.392,9.823,0x00000007
2026-08-09T20:54:13.273+00:00,15.578769,341900,725793985,-154,352,8127,,,,,,,,,,-0.201,0.398,9.831,0x00000007
2026-08-09T20:54:13.379+00:00,15.685054,341950,725900101,-135,347,8156,,,,,,,,,,-0.198,0.400,9.818,0x00000007
2026-08-09T20:54:13.485+00:00,15.791000,342000,726006217,-161,355,8132,,,,,,,,,,-0.210,0.403,9.812,0x00000007
2026-08-09T20:54:13.591+00:00,15.896864,342050,726112334,-152,336,8144,,,,,,,,,,-0.205,0.402,9.816,0x00000007
2026-08-09T20:54:13.697+00:00,16.003323,342100,726218450,-156,351,8126,,,,,,,,,,-0.212,0.407,9.827,0x00000007
2026-08-09T20:54:13.804+00:00,16.109444,342150,726324566,-146,342,8123,,,,,,,,,,-0.199,0.402,9.801,0x00000007
2026-08-09T20:54:13.909+00:00,16.215264,342200,726430683,-150,367,8145,,,,,,,,,,-0.196,0.417,9.802,0x00000007
2026-08-09T20:54:14.016+00:00,16.322170,342250,726536799,-120,344,8135,,,,,,,,,,-0.212,0.395,9.832,0x00000007
2026-08-09T20:54:14.122+00:00,16.427548,342300,726642916,-140,331,8159,,,,,,,,,,-0.194,0.406,9.814,0x00000007
2026-08-09T20:54:14.228+00:00,16.533681,342350,726749032,-137,362,8131,,,,,,,,,,-0.201,0.404,9.819,0x00000007
2026-08-09T20:54:14.334+00:00,16.639824,342400,726855148,-153,339,8137,,,,,,,,,,-0.216,0.392,9.828,0x00000007
2026-08-09T20:54:14.440+00:00,16.746051,342450,726961265,-144,330,8130,,,,,,,,,,-0.199,0.404,9.822,0x00000007
2026-08-09T20:54:14.546+00:00,16.852121,342500,727067381,-150,349,8134,,,,,,,,,,-0.211,0.405,9.809,0x00000007
2026-08-09T20:54:14.652+00:00,16.957973,342550,727173498,-154,358,8125,,,,,,,,,,-0.212,0.401,9.801,0x00000007
2026-08-09T20:54:14.758+00:00,17.063927,342600,727279614,-156,351,8126,,,,,,,,,,-0.198,0.400,9.815,0x00000007
2026-08-09T20:54:14.865+00:00,17.170783,342650,727385730,-139,342,8130,,,,,,,,,,-0.190,0.398,9.836,0x00000007
2026-08-09T20:54:14.971+00:00,17.276584,342700,727491846,-142,339,8124,,,,,,,,,,-0.198,0.397,9.810,0x00000007
2026-08-09T20:54:15.077+00:00,17.382532,342750,727597963,-141,344,8134,,,,,,,,,,-0.210,0.406,9.815,0x00000007
2026-08-09T20:54:15.183+00:00,17.488647,342800,727704079,-132,323,8147,,,,,,,,,,-0.201,0.394,9.815,0x00000007
2026-08-09T20:54:15.289+00:00,17.594792,342850,727810196,-147,351,8102,,,,,,,,,,-0.199,0.398,9.824,0x00000007
2026-08-09T20:54:15.395+00:00,17.700961,342900,727916312,-166,319,8145,,,,,,,,,,-0.201,0.394,9.823,0x00000007
2026-08-09T20:54:15.501+00:00,17.806913,342950,728022428,-142,335,8146,,,,,,,,,,-0.197,0.389,9.829,0x00000007
2026-08-09T20:54:15.607+00:00,17.913147,343000,728128545,-131,322,8132,,,,,,,,,,-0.205,0.409,9.818,0x00000007
2026-08-09T20:54:15.713+00:00,18.019158,343050,728234661,-151,344,8139,,,,,,,,,,-0.189,0.397,9.804,0x00000007
2026-08-09T20:54:15.820+00:00,18.125820,343100,728340778,-148,358,8123,,,,,,,,,,-0.213,0.398,9.816,0x00000007
2026-08-09T20:54:15.925+00:00,18.231299,343150,728446893,-142,334,8126,,,,,,,,,,-0.193,0.394,9.805,0x00000007
2026-08-09T20:54:16.031+00:00,18.337326,343200,728553010,-146,324,8122,,,,,,,,,,-0.206,0.396,9.816,0x00000007
2026-08-09T20:54:16.137+00:00,18.443310,343250,728659126,-144,355,8170,,,,,,,,,,-0.208,0.402,9.830,0x00000007
2026-08-09T20:54:16.243+00:00,18.549273,343300,728765243,-171,320,8146,,,,,,,,,,-0.216,0.400,9.808,0x00000007
2026-08-09T20:54:16.350+00:00,18.655583,343350,728871359,-145,352,8148,,,,,,,,,,-0.212,0.408,9.817,0x00000007
2026-08-09T20:54:16.456+00:00,18.761847,343400,728977475,-149,348,8136,,,,,,,,,,-0.214,0.403,9.831,0x00000007
2026-08-09T20:54:16.562+00:00,18.868004,343450,729083592,-141,344,8144,,,,,,,,,,-0.195,0.405,9.818,0x00000007
2026-08-09T20:54:16.668+00:00,18.974204,343500,729189708,-157,356,8118,,,,,,,,,,-0.211,0.404,9.818,0x00000007
2026-08-09T20:54:16.774+00:00,19.080102,343550,729295825,-141,331,8160,,,,,,,,,,-0.197,0.404,9.837,0x00000007
2026-08-09T20:54:16.880+00:00,19.186145,343600,729401941,-136,347,8131,,,,,,,,,,-0.203,0.389,9.835,0x00000007
2026-08-09T20:54:16.987+00:00,19.292589,343650,729508057,-147,353,8108,,,,,,,,,,-0.205,0.404,9.826,0x00000007
2026-08-09T20:54:17.093+00:00,19.398520,343700,729614173,-154,324,8115,,,,,,,,,,-0.210,0.399,9.824,0x00000007
2026-08-09T20:54:17.199+00:00,19.504533,343750,729720290,-138,337,8137,,,,,,,,,,-0.210,0.396,9.836,0x00000007
2026-08-09T20:54:17.305+00:00,19.610707,343800,729826407,-140,328,8146,,,,,,,,,,-0.194,0.401,9.822,0x00000007
2026-08-09T20:54:17.411+00:00,19.716992,343850,729932522,-163,362,8135,,,,,,,,,,-0.206,0.398,9.835,0x00000007
2026-08-09T20:54:17.517+00:00,19.822999,343900,730038639,-148,347,8136,,,,,,,,,,-0.203,0.395,9.831,0x00000007
2026-08-09T20:54:17.623+00:00,19.929139,343950,730144755,-143,353,8127,,,,,,,,,,-0.191,0.398,9.816,0x00000007
2026-08-09T20:54:17.729+00:00,20.035272,344000,730250872,-127,346,8129,,,,,,,,,,-0.211,0.398,9.840,0x00000007
2026-08-09T20:54:17.835+00:00,20.141285,344050,730356988,-133,337,8141,,,,,,,,,,-0.197,0.396,9.817,0x00000007
2026-08-09T20:54:17.941+00:00,20.247422,344100,730463104,-155,351,8126,,,,,,,,,,-0.210,0.401,9.805,0x00000007
2026-08-09T20:54:18.048+00:00,20.353919,344150,730569220,-137,352,8132,,,,,,,,,,-0.207,0.419,9.817,0x00000007
2026-08-09T20:54:18.154+00:00,20.459890,344200,730675337,-154,356,8128,,,,,,,,,,-0.209,0.416,9.830,0x00000007
2026-08-09T20:54:18.260+00:00,20.566210,344250,730781453,-151,366,8146,,,,,,,,,,-0.205,0.406,9.810,0x00000007
2026-08-09T20:54:18.366+00:00,20.672083,344300,730887570,-148,358,8134,,,,,,,,,,-0.218,0.412,9.824,0x00000007
2026-08-09T20:54:18.472+00:00,20.777853,344350,730993686,-154,344,8123,,,,,,,,,,-0.209,0.404,9.820,0x00000007
2026-08-09T20:54:18.579+00:00,20.884464,344400,731099802,-153,344,8126,,,,,,,,,,-0.205,0.401,9.846,0x00000007
2026-08-09T20:54:18.684+00:00,20.990313,344450,731205919,-127,343,8111,,,,,,,,,,-0.203,0.402,9.813,0x00000007
2026-08-09T20:54:18.790+00:00,21.096174,344500,731312035,-145,340,8151,,,,,,,,,,-0.197,0.405,9.803,0x00000007
2026-08-09T20:54:18.896+00:00,21.202409,344550,731418152,-135,348,8134,,,,,,,,,,-0.198,0.416,9.821,0x00000007
2026-08-09T20:54:19.002+00:00,21.308330,344600,731524267,-149,355,8129,,,,,,,,,,-0.194,0.404,9.830,0x00000007
2026-08-09T20:54:19.109+00:00,21.414513,344650,731630384,-145,345,8132,,,,,,,,,,-0.202,0.388,9.822,0x00000007
2026-08-09T20:54:19.215+00:00,21.520871,344700,731736500,-147,327,8117,,,,,,,,,,-0.194,0.408,9.809,0x00000007
2026-08-09T20:54:19.321+00:00,21.626817,344750,731842616,-163,362,8138,,,,,,,,,,-0.209,0.405,9.819,0x00000007
2026-08-09T20:54:19.427+00:00,21.732898,344800,731948733,-152,339,8140,,,,,,,,,,-0.208,0.397,9.846,0x00000007
2026-08-09T20:54:19.533+00:00,21.838927,344850,732054850,-152,359,8115,,,,,,,,,,-0.210,0.412,9.830,0x00000007
2026-08-09T20:54:19.639+00:00,21.945065,344900,732160965,-153,338,8161,,,,,,,,,,-0.208,0.400,9.811,0x00000007
2026-08-09T20:54:19.745+00:00,22.051166,344950,732267082,-163,363,8118,,,,,,,,,,-0.211,0.412,9.800,0x00000007
2026-08-09T20:54:19.851+00:00,22.157286,345000,732373198,-147,346,8144,,,,,,,,,,-0.203,0.413,9.816,0x00000007
2026-08-09T20:54:19.957+00:00,22.263014,345050,732479315,-137,328,8150,,,,,,,,,,-0.199,0.402,9.823,0x00000007
2026-08-09T20:54:20.063+00:00,22.369112,345100,732585431,-156,338,8109,,,,,,,,,,-0.205,0.397,9.818,0x00000007
2026-08-09T20:54:20.170+00:00,22.475763,345150,732691547,-143,339,8139,,,,,,,,,,-0.199,0.395,9.833,0x00000007
2026-08-09T20:54:20.276+00:00,22.581580,345200,732797664,-125,343,8132,,,,,,,,,,-0.199,0.399,9.815,0x00000007
2026-08-09T20:54:20.382+00:00,22.687814,345250,732903780,-135,345,8134,,,,,,,,,,-0.200,0.390,9.810,0x00000007
2026-08-09T20:54:20.488+00:00,22.793961,345300,733009896,-142,347,8147,,,,,,,,,,-0.203,0.408,9.837,0x00000007
2026-08-09T20:54:20.594+00:00,22.899655,345350,733116013,-146,339,8156,,,,,,,,,,-0.197,0.399,9.824,0x00000007
2026-08-09T20:54:20.700+00:00,23.006063,345400,733222129,-159,352,8142,,,,,,,,,,-0.199,0.398,9.833,0x00000007
2026-08-09T20:54:20.806+00:00,23.111852,345450,733328246,-145,350,8121,,,,,,,,,,-0.200,0.405,9.819,0x00000007
2026-08-09T20:54:20.912+00:00,23.218240,345500,733434362,-144,355,8141,,,,,,,,,,-0.214,0.399,9.806,0x00000007
2026-08-09T20:54:21.018+00:00,23.324429,345550,733540478,-145,344,8156,,,,,,,,,,-0.205,0.412,9.834,0x00000007
2026-08-09T20:54:21.125+00:00,23.430496,345600,733646594,-152,332,8125,,,,,,,,,,-0.216,0.402,9.819,0x00000007
2026-08-09T20:54:21.231+00:00,23.536712,345650,733752711,-161,353,8134,,,,,,,,,,-0.198,0.399,9.832,0x00000007
2026-08-09T20:54:21.337+00:00,23.642698,345700,733858828,-148,336,8125,,,,,,,,,,-0.211,0.400,9.821,0x00000007
2026-08-09T20:54:21.443+00:00,23.748797,345750,733964943,-128,358,8118,,,,,,,,,,-0.201,0.404,9.828,0x00000007
2026-08-09T20:54:21.549+00:00,23.854919,345800,734071060,-155,337,8127,,,,,,,,,,-0.200,0.411,9.824,0x00000007
2026-08-09T20:54:21.655+00:00,23.961122,345850,734177176,-149,334,8115,,,,,,,,,,-0.207,0.411,9.816,0x00000007
2026-08-09T20:54:21.761+00:00,24.066997,345900,734283292,-122,343,8145,,,,,,,,,,-0.208,0.392,9.828,0x00000007
2026-08-09T20:54:21.867+00:00,24.173119,345950,734389409,-142,335,8148,,,,,,,,,,-0.213,0.386,9.828,0x00000007
2026-08-09T20:54:21.973+00:00,24.279348,346000,734495525,-138,343,8123,,,,,,,,,,-0.204,0.400,9.821,0x00000007
2026-08-09T20:54:22.079+00:00,24.385354,346050,734601641,-133,350,8131,,,,,,,,,,-0.218,0.388,9.815,0x00000007
2026-08-09T20:54:22.186+00:00,24.491684,346100,734707758,-137,338,8130,,,,,,,,,,-0.202,0.394,9.805,0x00000007
2026-08-09T20:54:22.291+00:00,24.597364,346150,734813875,-126,324,8140,,,,,,,,,,-0.205,0.397,9.824,0x00000007
2026-08-09T20:54:22.398+00:00,24.703568,346200,734919990,-140,323,8132,,,,,,,,,,-0.192,0.395,9.827,0x00000007
2026-08-09T20:54:22.504+00:00,24.809776,346250,735026107,-147,330,8135,,,,,,,,,,-0.210,0.383,9.819,0x00000007
2026-08-09T20:54:22.610+00:00,24.915815,346300,735132223,-125,343,8116,,,,,,,,,,-0.204,0.404,9.809,0x00000007
2026-08-09T20:54:22.716+00:00,25.022392,346350,735238340,-153,344,8142,,,,,,,,,,-0.203,0.408,9.821,0x00000007
2026-08-09T20:54:22.822+00:00,25.128364,346400,735344456,-154,347,8129,,,,,,,,,,-0.209,0.391,9.829,0x00000007
2026-08-09T20:54:22.928+00:00,25.234033,346450,735450572,-146,341,8140,,,,,,,,,,-0.211,0.402,9.824,0x00000007
2026-08-09T20:54:23.034+00:00,25.340255,346500,735556689,-138,335,8143,,,,,,,,,,-0.207,0.414,9.823,0x00000007
2026-08-09T20:54:23.140+00:00,25.446437,346550,735662806,-153,351,8121,,,,,,,,,,-0.212,0.398,9.807,0x00000007
2026-08-09T20:54:23.247+00:00,25.552667,346600,735768921,-147,347,8138,,,,,,,,,,-0.219,0.394,9.820,0x00000007
2026-08-09T20:54:23.353+00:00,25.658422,346650,735875039,-164,340,8159,,,,,,,,,,-0.201,0.404,9.821,0x00000007
2026-08-09T20:54:23.459+00:00,25.765254,346700,735981154,-147,349,8133,,,,,,,,,,-0.209,0.407,9.829,0x00000007
2026-08-09T20:54:23.565+00:00,25.870769,346750,736087271,-141,338,8141,,,,,,,,,,-0.201,0.404,9.827,0x00000007
2026-08-09T20:54:23.671+00:00,25.976769,346800,736193387,-151,346,8142,,,,,,,,,,-0.200,0.413,9.826,0x00000007
2026-08-09T20:54:23.777+00:00,26.082954,346850,736299504,-162,339,8129,,,,,,,,,,-0.198,0.399,9.828,0x00000007
2026-08-09T20:54:23.883+00:00,26.189133,346900,736405620,-139,334,8157,,,,,,,,,,-0.201,0.399,9.823,0x00000007
2026-08-09T20:54:23.990+00:00,26.295572,346950,736511736,-144,372,8153,,,,,,,,,,-0.214,0.408,9.817,0x00000007
2026-08-09T20:54:24.096+00:00,26.401636,347000,736617853,-147,348,8141,,,,,,,,,,-0.201,0.404,9.834,0x00000007
2026-08-09T20:54:24.201+00:00,26.507335,347050,736723969,-139,338,8122,,,,,,,,,,-0.187,0.410,9.821,0x00000007
2026-08-09T20:54:24.308+00:00,26.613645,347100,736830085,-134,350,8150,,,,,,,,,,-0.198,0.400,9.822,0x00000007
2026-08-09T20:54:24.414+00:00,26.719736,347150,736936201,-141,338,8134,,,,,,,,,,-0.202,0.401,9.810,0x00000007
2026-08-09T20:54:24.520+00:00,26.825528,347200,737042318,-147,342,8098,,,,,,,,,,-0.214,0.399,9.808,0x00000007
2026-08-09T20:54:24.626+00:00,26.931841,347250,737148435,-155,330,8150,,,,,,,,,,-0.208,0.397,9.815,0x00000007
2026-08-09T20:54:24.733+00:00,27.038470,347300,737254551,-138,357,8136,,,,,,,,,,-0.203,0.405,9.817,0x00000007
2026-08-09T20:54:24.838+00:00,27.144033,347350,737360667,-148,362,8161,,,,,,,,,,-0.205,0.399,9.819,0x00000007
2026-08-09T20:54:24.945+00:00,27.250522,347400,737466783,-146,352,8130,,,,,,,,,,-0.199,0.404,9.822,0x00000007
2026-08-09T20:54:25.051+00:00,27.356660,347450,737572900,-143,342,8145,,,,,,,,,,-0.198,0.402,9.816,0x00000007
2026-08-09T20:54:25.156+00:00,27.461940,347500,737679016,-151,339,8135,,,,,,,,,,-0.198,0.391,9.828,0x00000007
2026-08-09T20:54:25.263+00:00,27.568524,347550,737785132,-154,350,8143,,,,,,,,,,-0.223,0.400,9.824,0x00000007
2026-08-09T20:54:25.369+00:00,27.675207,347600,737891249,-151,348,8132,,,,,,,,,,-0.193,0.386,9.818,0x00000007
2026-08-09T20:54:25.475+00:00,27.780574,347650,737997365,-146,335,8120,,,,,,,,,,-0.215,0.409,9.821,0x00000007
2026-08-09T20:54:25.581+00:00,27.886777,347700,738103481,-162,358,8127,,,,,,,,,,-0.202,0.411,9.822,0x00000007
2026-08-09T20:54:25.687+00:00,27.993134,347750,738209598,-151,344,8158,,,,,,,,,,-0.211,0.393,9.821,0x00000007
2026-08-09T20:54:25.793+00:00,28.099222,347800,738315714,-142,355,8115,,,,,,,,,,-0.206,0.409,9.827,0x00000007
2026-08-09T20:54:25.899+00:00,28.204869,347850,738421831,-141,344,8126,,,,,,,,,,-0.199,0.408,9.831,0x00000007
2026-08-09T20:54:26.005+00:00,28.311241,347900,738527947,-159,347,8163,,,,,,,,,,-0.205,0.405,9.809,0x00000007
2026-08-09T20:54:26.111+00:00,28.417338,347950,738634063,-150,353,8119,,,,,,,,,,-0.201,0.407,9.820,0x00000007
2026-08-09T20:54:26.218+00:00,28.523479,348000,738740180,-146,370,8135,,,,,,,,,,-0.191,0.400,9.811,0x00000007
2026-08-09T20:54:26.323+00:00,28.629384,348050,738846296,-151,342,8146,,,,,,,,,,-0.204,0.403,9.813,0x00000007
2026-08-09T20:54:26.429+00:00,28.735171,348100,738952413,-163,348,8153,,,,,,,,,,-0.211,0.399,9.817,0x00000007
2026-08-09T20:54:26.535+00:00,28.841168,348150,739058529,-166,340,8143,,,,,,,,,,-0.201,0.409,9.827,0x00000007
2026-08-09T20:54:26.642+00:00,28.947454,348200,739164645,-143,329,8142,,,,,,,,,,-0.194,0.403,9.834,0x00000007
2026-08-09T20:54:26.748+00:00,29.053771,348250,739270761,-137,349,8139,,,,,,,,,,-0.213,0.411,9.829,0x00000007
2026-08-09T20:54:26.854+00:00,29.160034,348300,739376878,-153,335,8139,,,,,,,,,,-0.194,0.386,9.805,0x00000007
2026-08-09T20:54:26.960+00:00,29.266086,348350,739482994,-130,343,8101,,,,,,,,,,-0.207,0.397,9.828,0x00000007
2026-08-09T20:54:27.067+00:00,29.372913,348400,739589111,-143,344,8135,,,,,,,,,,-0.199,0.392,9.815,0x00000007
2026-08-09T20:54:27.172+00:00,29.478161,348450,739695227,-155,330,8127,,,,,,,,,,-0.212,0.403,9.836,0x00000007
2026-08-09T20:54:27.278+00:00,29.584106,348500,739801344,-140,356,8141,,,,,,,,,,-0.201,0.402,9.822,0x00000007
2026-08-09T20:54:27.384+00:00,29.690244,348550,739907461,-143,358,8129,,,,,,,,,,-0.216,0.402,9.839,0x00000007
2026-08-09T20:54:27.491+00:00,29.796676,348600,740013577,-141,341,8144,,,,,,,,,,-0.203,0.408,9.815,0x00000007
2026-08-09T20:54:27.598+00:00,29.903590,348650,740119692,-164,348,8150,,,,,,,,,,-0.193,0.393,9.830,0x00000007
2026-08-09T20:54:27.703+00:00,30.009044,348700,740225809,-144,350,8122,,,,,,,,,,-0.199,0.398,9.822,0x00000007
2026-08-09T20:54:27.809+00:00,30.115254,348750,740331926,-149,357,8152,,,,,,,,,,-0.197,0.405,9.828,0x00000007
2026-08-09T20:54:27.916+00:00,30.221492,348800,740438042,-155,338,8120,,,,,,,,,,-0.199,0.401,9.829,0x00000007
2026-08-09T20:54:28.022+00:00,30.327612,348850,740544158,-146,340,8141,,,,,,,,,,-0.203,0.398,9.828,0x00000007
2026-08-09T20:54:28.128+00:00,30.433541,348900,740650275,-145,340,8125,,,,,,,,,,-0.196,0.398,9.817,0x00000007
2026-08-09T20:54:28.234+00:00,30.539687,348950,740756391,-132,338,8131,,,,,,,,,,-0.201,0.398,9.809,0x00000007
2026-08-09T20:54:28.340+00:00,30.645807,349000,740862508,-128,351,8142,,,,,,,,,,-0.208,0.389,9.813,0x00000007
2026-08-09T20:54:28.446+00:00,30.751765,349050,740968624,-146,334,8138,,,,,,,,,,-0.204,0.395,9.804,0x00000007
2026-08-09T20:54:28.552+00:00,30.857775,349100,741074741,-150,334,8167,,,,,,,,,,-0.211,0.395,9.814,0x00000007
2026-08-09T20:54:28.657+00:00,30.963395,349150,741180856,-149,342,8136,,,,,,,,,,-0.203,0.403,9.817,0x00000007
2026-08-09T20:54:28.764+00:00,31.069831,349200,741286973,-153,333,8141,,,,,,,,,,-0.203,0.407,9.823,0x00000007
2026-08-09T20:54:28.870+00:00,31.175984,349250,741393089,-146,346,8118,,,,,,,,,,-0.216,0.400,9.813,0x00000007
2026-08-09T20:54:28.977+00:00,31.282456,349300,741499206,-146,337,8112,,,,,,,,,,-0.203,0.392,9.807,0x00000007
2026-08-09T20:54:29.082+00:00,31.388319,349350,741605322,-151,331,8125,,,,,,,,,,-0.200,0.394,9.829,0x00000007
2026-08-09T20:54:29.189+00:00,31.494727,349400,741711438,-144,326,8132,,,,,,,,,,-0.218,0.402,9.816,0x00000007
2026-08-09T20:54:29.295+00:00,31.600534,349450,741817555,-154,330,8135,,,,,,,,,,-0.192,0.393,9.827,0x00000007
2026-08-09T20:54:29.401+00:00,31.706650,349500,741923671,-142,331,8155,,,,,,,,,,-0.200,0.397,9.822,0x00000007
2026-08-09T20:54:29.507+00:00,31.812627,349550,742029788,-151,349,8141,,,,,,,,,,-0.202,0.404,9.827,0x00000007
2026-08-09T20:54:29.613+00:00,31.919002,349600,742135904,-157,333,8115,,,,,,,,,,-0.213,0.402,9.831,0x00000007
2026-08-09T20:54:29.719+00:00,32.025270,349650,742242020,-157,323,8128,,,,,,,,,,-0.210,0.402,9.833,0x00000007
2026-08-09T20:54:29.825+00:00,32.131111,349700,742348137,-145,368,8123,,,,,,,,,,-0.207,0.404,9.828,0x00000007
2026-08-09T20:54:29.931+00:00,32.236860,349750,742454253,-142,349,8136,,,,,,,,,,-0.210,0.400,9.827,0x00000007
2026-08-09T20:54:30.038+00:00,32.343651,349800,742560369,-138,341,8106,,,,,,,,,,-0.211,0.398,9.831,0x00000007
2026-08-09T20:54:30.144+00:00,32.449745,349850,742666485,-162,349,8118,,,,,,,,,,-0.225,0.395,9.830,0x00000007
2026-08-09T20:54:30.250+00:00,32.555695,349900,742772603,-144,338,8133,,,,,,,,,,-0.201,0.407,9.819,0x00000007
2026-08-09T20:54:30.356+00:00,32.661689,349950,742878719,-155,350,8143,,,,,,,,,,-0.204,0.393,9.832,0x00000007
2026-08-09T20:54:30.462+00:00,32.767667,350000,742984835,-156,336,8138,,,,,,,,,,-0.198,0.379,9.817,0x00000007
2026-08-09T20:54:30.568+00:00,32.874001,350050,743090951,-148,344,8131,,,,,,,,,,-0.208,0.406,9.825,0x00000007
2026-08-09T20:54:30.674+00:00,32.980049,350100,743197067,-158,343,8110,,,,,,,,,,-0.203,0.410,9.823,0x00000007
2026-08-09T20:54:30.780+00:00,33.085634,350150,743303184,-157,329,8123,,,,,,,,,,-0.199,0.399,9.802,0x00000007
2026-08-09T20:54:30.886+00:00,33.191709,350200,743409301,-138,325,8158,,,,,,,,,,-0.203,0.384,9.835,0x00000007
2026-08-09T20:54:30.992+00:00,33.298165,350250,743515417,-156,337,8119,,,,,,,,,,-0.211,0.409,9.809,0x00000007
2026-08-09T20:54:31.098+00:00,33.404031,350300,743621533,-147,349,8116,,,,,,,,,,-0.205,0.399,9.816,0x00000007
2026-08-09T20:54:31.205+00:00,33.510888,350350,743727649,-143,339,8151,,,,,,,,,,-0.209,0.404,9.816,0x00000007
2026-08-09T20:54:31.311+00:00,33.616968,350400,743833766,-157,324,8134,,,,,,,,,,-0.201,0.402,9.836,0x00000007
2026-08-09T20:54:31.417+00:00,33.722824,350450,743939882,-150,340,8140,,,,,,,,,,-0.200,0.395,9.832,0x00000007
2026-08-09T20:54:31.523+00:00,33.829264,350500,744045999,-148,327,8139,,,,,,,,,,-0.200,0.397,9.816,0x00000007
2026-08-09T20:54:31.629+00:00,33.934484,350550,744152115,-146,340,8118,,,,,,,,,,-0.197,0.398,9.816,0x00000007
2026-08-09T20:54:31.735+00:00,34.041265,350600,744258231,-149,337,8113,,,,,,,,,,-0.205,0.403,9.831,0x00000007
2026-08-09T20:54:31.841+00:00,34.146888,350650,744364347,-147,353,8105,,,,,,,,,,-0.204,0.391,9.819,0x00000007
2026-08-09T20:54:31.947+00:00,34.253231,350700,744470464,-151,353,8114,,,,,,,,,,-0.210,0.397,9.821,0x00000007
2026-08-09T20:54:32.053+00:00,34.359073,350750,744576580,-161,347,8143,,,,,,,,,,-0.213,0.404,9.830,0x00000007
2026-08-09T20:54:32.159+00:00,34.465202,350800,744682697,-148,345,8132,,,,,,,,,,-0.197,0.394,9.827,0x00000007
2026-08-09T20:54:32.265+00:00,34.571315,350850,744788813,-133,332,8148,,,,,,,,,,-0.208,0.397,9.823,0x00000007
2026-08-09T20:54:32.372+00:00,34.677758,350900,744894930,-160,348,8169,,,,,,,,,,-0.207,0.415,9.827,0x00000007
2026-08-09T20:54:32.478+00:00,34.783891,350950,745001046,-150,352,8137,,,,,,,,,,-0.207,0.405,9.829,0x00000007
2026-08-09T20:54:32.584+00:00,34.889462,351000,745107162,-137,360,8140,,,,,,,,,,-0.205,0.409,9.831,0x00000007
2026-08-09T20:54:32.690+00:00,34.995732,351050,745213278,-155,358,8128,,,,,,,,,,-0.201,0.408,9.817,0x00000007
2026-08-09T20:54:32.796+00:00,35.101761,351100,745319395,-152,343,8144,,,,,,,,,,-0.202,0.397,9.825,0x00000007
2026-08-09T20:54:32.902+00:00,35.207846,351150,745425512,-145,344,8132,,,,,,,,,,-0.198,0.390,9.804,0x00000007
2026-08-09T20:54:33.008+00:00,35.314024,351200,745531627,-138,343,8126,,,,,,,,,,-0.202,0.397,9.811,0x00000007
2026-08-09T20:54:33.114+00:00,35.420137,351250,745637744,-141,353,8135,,,,,,,,,,-0.192,0.404,9.814,0x00000007
2026-08-09T20:54:33.220+00:00,35.526249,351300,745743861,-162,363,8152,,,,,,,,,,-0.195,0.398,9.806,0x00000007
2026-08-09T20:54:33.326+00:00,35.632018,351350,745849977,-141,349,8143,,,,,,,,,,-0.202,0.400,9.815,0x00000007
2026-08-09T20:54:33.433+00:00,35.738837,351400,745956093,-141,342,8129,,,,,,,,,,-0.209,0.408,9.818,0x00000007
2026-08-09T20:54:33.539+00:00,35.844832,351450,746062209,-152,334,8122,,,,,,,,,,-0.209,0.399,9.812,0x00000007
2026-08-09T20:54:33.645+00:00,35.950890,351500,746168326,-156,343,8128,,,,,,,,,,-0.205,0.409,9.817,0x00000007
2026-08-09T20:54:33.751+00:00,36.056482,351550,746274442,-147,340,8096,,,,,,,,,,-0.209,0.413,9.814,0x00000007
2026-08-09T20:54:33.857+00:00,36.163097,351600,746380559,-149,345,8120,,,,,,,,,,-0.204,0.392,9.818,0x00000007
2026-08-09T20:54:33.963+00:00,36.269203,351650,746486675,-133,332,8129,,,,,,,,,,-0.200,0.400,9.832,0x00000007
2026-08-09T20:54:34.069+00:00,36.375291,351700,746592792,-140,345,8150,,,,,,,,,,-0.199,0.398,9.812,0x00000007
2026-08-09T20:54:34.176+00:00,36.481616,351750,746698908,-159,334,8161,,,,,,,,,,-0.207,0.400,9.826,0x00000007
2026-08-09T20:54:34.281+00:00,36.587247,351800,746805024,-149,340,8138,,,,,,,,,,-0.210,0.406,9.808,0x00000007
2026-08-09T20:54:34.387+00:00,36.692977,351850,746911140,-143,347,8125,,,,,,,,,,-0.201,0.395,9.814,0x00000007
2026-08-09T20:54:34.493+00:00,36.799313,351900,747017257,-143,321,8147,,,,,,,,,,-0.211,0.386,9.814,0x00000007
2026-08-09T20:54:34.599+00:00,36.905086,351950,747123373,-155,335,8119,,,,,,,,,,-0.209,0.398,9.823,0x00000007
2026-08-09T20:54:34.706+00:00,37.011685,352000,747229490,-150,359,8130,,,,,,,,,,-0.205,0.398,9.830,0x00000007
2026-08-09T20:54:34.812+00:00,37.117547,352050,747335606,-142,346,8150,,,,,,,,,,-0.198,0.395,9.833,0x00000007
2026-08-09T20:54:34.918+00:00,37.223464,352100,747441723,-142,335,8140,,,,,,,,,,-0.206,0.378,9.803,0x00000007
2026-08-09T20:54:35.024+00:00,37.329571,352150,747547839,-150,333,8140,,,,,,,,,,-0.202,0.394,9.829,0x00000007
2026-08-09T20:54:35.130+00:00,37.436120,352200,747653955,-156,341,8146,,,,,,,,,,-0.197,0.405,9.827,0x00000007
2026-08-09T20:54:35.236+00:00,37.541956,352250,747760071,-144,340,8135,,,,,,,,,,-0.211,0.399,9.813,0x00000007
2026-08-09T20:54:35.342+00:00,37.648201,352300,747866188,-134,352,8138,,,,,,,,,,-0.199,0.394,9.810,0x00000007
2026-08-09T20:54:35.448+00:00,37.754318,352350,747972305,-139,346,8113,,,,,,,,,,-0.205,0.412,9.821,0x00000007
2026-08-09T20:54:35.554+00:00,37.860344,352400,748078421,-139,340,8121,,,,,,,,,,-0.211,0.394,9.808,0x00000007
2026-08-09T20:54:35.661+00:00,37.967012,352450,748184537,-156,364,8140,,,,,,,,,,-0.213,0.408,9.835,0x00000007
2026-08-09T20:54:35.767+00:00,38.073148,352500,748290653,-140,345,8135,,,,,,,,,,-0.205,0.400,9.825,0x00000007
2026-08-09T20:54:35.873+00:00,38.178732,352550,748396769,-144,344,8147,,,,,,,,,,-0.201,0.393,9.833,0x00000007
2026-08-09T20:54:35.979+00:00,38.285240,352600,748502886,-139,348,8122,,,,,,,,,,-0.202,0.410,9.810,0x00000007
2026-08-09T20:54:36.085+00:00,38.391025,352650,748609003,-151,357,8141,,,,,,,,,,-0.196,0.401,9.829,0x00000007
2026-08-09T20:54:36.191+00:00,38.496896,352700,748715119,-149,332,8121,,,,,,,,,,-0.204,0.407,9.814,0x00000007
2026-08-09T20:54:36.297+00:00,38.603191,352750,748821235,-147,336,8131,,,,,,,,,,-0.217,0.410,9.820,0x00000007
2026-08-09T20:54:36.404+00:00,38.710153,352800,748927351,-144,353,8134,,,,,,,,,,-0.202,0.401,9.816,0x00000007
2026-08-09T20:54:36.509+00:00,38.815210,352850,749033468,-156,330,8128,,,,,,,,,,-0.208,0.389,9.817,0x00000007
2026-08-09T20:54:36.615+00:00,38.921198,352900,749139584,-155,331,8104,,,,,,,,,,-0.200,0.392,9.810,0x00000007
2026-08-09T20:54:36.722+00:00,39.028083,352950,749245700,-137,352,8125,,,,,,,,,,-0.212,0.392,9.822,0x00000007
2026-08-09T20:54:36.828+00:00,39.134000,353000,749351817,-150,342,8136,,,,,,,,,,-0.204,0.398,9.818,0x00000007
2026-08-09T20:54:36.934+00:00,39.239907,353050,749457933,-147,341,8123,,,,,,,,,,-0.197,0.406,9.808,0x00000007
2026-08-09T20:54:37.040+00:00,39.346042,353100,749564049,-156,360,8142,,,,,,,,,,-0.210,0.401,9.820,0x00000007
2026-08-09T20:54:37.146+00:00,39.451674,353150,749670166,-125,344,8136,,,,,,,,,,-0.194,0.401,9.829,0x00000007
2026-08-09T20:54:37.252+00:00,39.557864,353200,749776282,-142,363,8129,,,,,,,,,,-0.204,0.417,9.816,0x00000007
2026-08-09T20:54:37.358+00:00,39.663897,353250,749882399,-162,355,8135,,,,,,,,,,-0.211,0.392,9.828,0x00000007
2026-08-09T20:54:37.464+00:00,39.770015,353300,749988516,-137,339,8147,,,,,,,,,,-0.204,0.401,9.819,0x00000007
2026-08-09T20:54:37.571+00:00,39.877152,353350,750094632,-144,318,8155,,,,,,,,,,-0.194,0.388,9.825,0x00000007
2026-08-09T20:54:37.677+00:00,39.982617,353400,750200748,-145,348,8135,,,,,,,,,,-0.194,0.421,9.815,0x00000007
2026-08-09T20:54:37.783+00:00,40.088839,353450,750306864,-150,350,8141,,,,,,,,,,-0.209,0.419,9.823,0x00000007
2026-08-09T20:54:37.889+00:00,40.194770,353500,750412981,-144,352,8153,,,,,,,,,,-0.204,0.401,9.799,0x00000007
2026-08-09T20:54:37.995+00:00,40.300585,353550,750519097,-131,341,8136,,,,,,,,,,-0.188,0.409,9.823,0x00000007
2026-08-09T20:54:38.101+00:00,40.406856,353600,750625214,-167,350,8142,,,,,,,,,,-0.206,0.396,9.814,0x00000007
2026-08-09T20:54:38.207+00:00,40.512967,353650,750731329,-150,344,8122,,,,,,,,,,-0.207,0.408,9.822,0x00000007
2026-08-09T20:54:38.313+00:00,40.619134,353700,750837446,-138,334,8118,,,,,,,,,,-0.194,0.400,9.809,0x00000007
2026-08-09T20:54:38.419+00:00,40.725185,353750,750943562,-149,333,8123,,,,,,,,,,-0.222,0.408,9.834,0x00000007
2026-08-09T20:54:38.525+00:00,40.831309,353800,751049679,-153,341,8112,,,,,,,,,,-0.214,0.394,9.821,0x00000007
2026-08-09T20:54:38.632+00:00,40.938164,353850,751155796,-141,343,8147,,,,,,,,,,-0.207,0.395,9.821,0x00000007
2026-08-09T20:54:38.738+00:00,41.043673,353900,751261911,-161,356,8145,,,,,,,,,,-0.217,0.406,9.827,0x00000007
2026-08-09T20:54:38.844+00:00,41.149735,353950,751368028,-139,343,8107,,,,,,,,,,-0.203,0.399,9.812,0x00000007
2026-08-09T20:54:38.950+00:00,41.255794,354000,751474145,-144,342,8142,,,,,,,,,,-0.197,0.391,9.811,0x00000007
2026-08-09T20:54:39.056+00:00,41.362193,354050,751580260,-130,347,8151,,,,,,,,,,-0.209,0.398,9.813,0x00000007
2026-08-09T20:54:39.162+00:00,41.467859,354100,751686377,-162,338,8146,,,,,,,,,,-0.215,0.404,9.807,0x00000007
2026-08-09T20:54:39.268+00:00,41.573689,354150,751792494,-146,350,8147,,,,,,,,,,-0.208,0.396,9.829,0x00000007
2026-08-09T20:54:39.374+00:00,41.680171,354200,751898610,-168,323,8149,,,,,,,,,,-0.200,0.399,9.830,0x00000007
2026-08-09T20:54:39.480+00:00,41.785952,354250,752004726,-142,337,8134,,,,,,,,,,-0.200,0.393,9.815,0x00000007
2026-08-09T20:54:39.587+00:00,41.892510,354300,752110842,-148,346,8093,,,,,,,,,,-0.200,0.409,9.814,0x00000007
2026-08-09T20:54:39.692+00:00,41.997918,354350,752216959,-145,337,8130,,,,,,,,,,-0.199,0.397,9.831,0x00000007
2026-08-09T20:54:39.799+00:00,42.104688,354400,752323075,-150,334,8128,,,,,,,,,,-0.193,0.405,9.819,0x00000007
2026-08-09T20:54:39.905+00:00,42.211233,354450,752429191,-144,352,8120,,,,,,,,,,-0.203,0.405,9.831,0x00000007
2026-08-09T20:54:40.010+00:00,42.316364,354500,752535308,-140,348,8134,,,,,,,,,,-0.207,0.390,9.833,0x00000007
2026-08-09T20:54:40.117+00:00,42.422829,354550,752641425,-133,372,8135,,,,,,,,,,-0.209,0.393,9.838,0x00000007
2026-08-09T20:54:40.224+00:00,42.529501,354600,752747540,-150,344,8142,,,,,,,,,,-0.199,0.393,9.823,0x00000007
2026-08-09T20:54:40.330+00:00,42.635774,354650,752853657,-136,339,8135,,,,,,,,,,-0.197,0.407,9.816,0x00000007
2026-08-09T20:54:40.435+00:00,42.741362,354700,752959773,-153,359,8128,,,,,,,,,,-0.211,0.398,9.813,0x00000007
2026-08-09T20:54:40.541+00:00,42.846908,354750,753065890,-155,337,8132,,,,,,,,,,-0.203,0.407,9.822,0x00000007
2026-08-09T20:54:40.647+00:00,42.953428,354800,753172006,-159,343,8118,,,,,,,,,,-0.204,0.392,9.811,0x00000007
2026-08-09T20:54:40.753+00:00,43.059355,354850,753278122,-150,355,8150,,,,,,,,,,-0.213,0.395,9.827,0x00000007
2026-08-09T20:54:40.860+00:00,43.165524,354900,753384239,-156,349,8145,,,,,,,,,,-0.212,0.395,9.817,0x00000007
2026-08-09T20:54:40.966+00:00,43.272171,354950,753490355,-142,342,8117,,,,,,,,,,-0.210,0.402,9.815,0x00000007
2026-08-09T20:54:41.072+00:00,43.377731,355000,753596471,-136,331,8127,,,,,,,,,,-0.207,0.413,9.805,0x00000007
2026-08-09T20:54:41.178+00:00,43.483864,355050,753702589,-155,341,8154,,,,,,,,,,-0.207,0.401,9.823,0x00000007
2026-08-09T20:54:41.284+00:00,43.589712,355100,753808704,-163,342,8146,,,,,,,,,,-0.205,0.400,9.798,0x00000007
2026-08-09T20:54:41.390+00:00,43.695939,355150,753914822,-153,359,8127,,,,,,,,,,-0.205,0.392,9.803,0x00000007
2026-08-09T20:54:41.496+00:00,43.801800,355200,754020937,-148,306,8142,,,,,,,,,,-0.208,0.410,9.815,0x00000007
2026-08-09T20:54:41.602+00:00,43.907796,355250,754127054,-145,334,8129,,,,,,,,,,-0.189,0.392,9.826,0x00000007
2026-08-09T20:54:41.709+00:00,44.014499,355300,754233170,-158,356,8141,,,,,,,,,,-0.200,0.415,9.827,0x00000007
2026-08-09T20:54:41.814+00:00,44.120142,355350,754339287,-150,360,8139,,,,,,,,,,-0.205,0.399,9.837,0x00000007
2026-08-09T20:54:41.921+00:00,44.226724,355400,754445403,-152,344,8150,,,,,,,,,,-0.205,0.406,9.811,0x00000007
2026-08-09T20:54:42.027+00:00,44.332856,355450,754551519,-142,351,8131,,,,,,,,,,-0.188,0.396,9.819,0x00000007
2026-08-09T20:54:42.133+00:00,44.438563,355500,754657635,-128,325,8132,,,,,,,,,,-0.199,0.407,9.832,0x00000007
2026-08-09T20:54:42.239+00:00,44.545008,355550,754763752,-169,344,8164,,,,,,,,,,-0.211,0.373,9.832,0x00000007
2026-08-09T20:54:42.345+00:00,44.651040,355600,754869868,-140,322,8152,,,,,,,,,,-0.198,0.404,9.810,0x00000007
2026-08-09T20:54:42.451+00:00,44.756987,355650,754975984,-150,346,8133,,,,,,,,,,-0.201,0.415,9.816,0x00000007
2026-08-09T20:54:42.558+00:00,44.863754,355700,755082101,-150,340,8121,,,,,,,,,,-0.212,0.403,9.812,0x00000007
2026-08-09T20:54:42.663+00:00,44.969363,355750,755188218,-141,332,8146,,,,,,,,,,-0.197,0.404,9.813,0x00000007
2026-08-09T20:54:42.769+00:00,45.075032,355800,755294334,-161,338,8146,,,,,,,,,,-0.195,0.403,9.813,0x00000007
2026-08-09T20:54:42.875+00:00,45.181276,355850,755400450,-142,349,8118,,,,,,,,,,-0.195,0.401,9.823,0x00000007
2026-08-09T20:54:42.982+00:00,45.287694,355900,755506567,-131,345,8153,,,,,,,,,,-0.202,0.397,9.828,0x00000007
2026-08-09T20:54:43.088+00:00,45.393848,355950,755612683,-152,349,8134,,,,,,,,,,-0.204,0.394,9.814,0x00000007
2026-08-09T20:54:43.194+00:00,45.499789,356000,755718799,-153,354,8143,,,,,,,,,,-0.203,0.413,9.824,0x00000007
2026-08-09T20:54:43.300+00:00,45.606097,356050,755824916,-134,358,8131,,,,,,,,,,-0.212,0.396,9.814,0x00000007
2026-08-09T20:54:43.406+00:00,45.712074,356100,755931032,-153,329,8140,,,,,,,,,,-0.210,0.406,9.819,0x00000007
2026-08-09T20:54:43.512+00:00,45.817898,356150,756037148,-156,332,8141,,,,,,,,,,-0.195,0.410,9.816,0x00000007
2026-08-09T20:54:43.619+00:00,45.924571,356200,756143264,-158,339,8132,,,,,,,,,,-0.203,0.417,9.840,0x00000007
2026-08-09T20:54:43.725+00:00,46.030476,356250,756249381,-157,367,8134,,,,,,,,,,-0.206,0.407,9.818,0x00000007
2026-08-09T20:54:43.830+00:00,46.136076,356300,756355497,-171,327,8142,,,,,,,,,,-0.187,0.411,9.827,0x00000007
2026-08-09T20:54:43.937+00:00,46.242860,356350,756461613,-144,350,8126,,,,,,,,,,-0.206,0.408,9.824,0x00000007
2026-08-09T20:54:44.043+00:00,46.348692,356400,756567730,-146,350,8139,,,,,,,,,,-0.209,0.413,9.828,0x00000007
2026-08-09T20:54:44.148+00:00,46.454333,356450,756673846,-152,313,8159,,,,,,,,,,-0.195,0.408,9.794,0x00000007
2026-08-09T20:54:44.255+00:00,46.560708,356500,756779963,-142,358,8142,,,,,,,,,,-0.210,0.406,9.818,0x00000007
2026-08-09T20:54:44.361+00:00,46.667042,356550,756886079,-139,358,8104,,,,,,,,,,-0.196,0.391,9.811,0x00000007
2026-08-09T20:54:44.467+00:00,46.772854,356600,756992195,-149,335,8143,,,,,,,,,,-0.210,0.413,9.831,0x00000007
2026-08-09T20:54:44.573+00:00,46.879281,356650,757098312,-131,329,8126,,,,,,,,,,-0.195,0.407,9.817,0x00000007
2026-08-09T20:54:44.680+00:00,46.985947,356700,757204428,-128,348,8110,,,,,,,,,,-0.200,0.395,9.823,0x00000007
2026-08-09T20:54:44.785+00:00,47.091107,356750,757310544,-144,341,8121,,,,,,,,,,-0.203,0.404,9.829,0x00000007
2026-08-09T20:54:44.891+00:00,47.197216,356800,757416662,-133,347,8116,,,,,,,,,,-0.199,0.403,9.824,0x00000007
2026-08-09T20:54:44.998+00:00,47.303676,356850,757522777,-159,329,8134,,,,,,,,,,-0.204,0.396,9.830,0x00000007
2026-08-09T20:54:45.104+00:00,47.409437,356900,757628894,-170,347,8155,,,,,,,,,,-0.205,0.405,9.825,0x00000007
2026-08-09T20:54:45.209+00:00,47.515409,356950,757735010,-127,349,8115,,,,,,,,,,-0.206,0.392,9.821,0x00000007
2026-08-09T20:54:45.316+00:00,47.621906,357000,757841126,-169,349,8128,,,,,,,,,,-0.209,0.405,9.815,0x00000007
2026-08-09T20:54:45.422+00:00,47.728088,357050,757947244,-143,341,8147,,,,,,,,,,-0.209,0.399,9.841,0x00000007
2026-08-09T20:54:45.528+00:00,47.833723,357100,758053359,-138,343,8125,,,,,,,,,,-0.196,0.400,9.823,0x00000007
2026-08-09T20:54:45.634+00:00,47.940214,357150,758159475,-140,352,8130,,,,,,,,,,-0.215,0.391,9.822,0x00000007
2026-08-09T20:54:45.740+00:00,48.046166,357200,758265592,-140,328,8134,,,,,,,,,,-0.200,0.400,9.829,0x00000007
2026-08-09T20:54:45.847+00:00,48.152491,357250,758371708,-157,329,8130,,,,,,,,,,-0.206,0.397,9.809,0x00000007
2026-08-09T20:54:45.953+00:00,48.258659,357300,758477825,-142,323,8125,,,,,,,,,,-0.206,0.406,9.814,0x00000007
2026-08-09T20:54:46.059+00:00,48.364820,357350,758583941,-156,341,8112,,,,,,,,,,-0.211,0.402,9.811,0x00000007
2026-08-09T20:54:46.165+00:00,48.470981,357400,758690057,-141,351,8123,,,,,,,,,,-0.201,0.413,9.815,0x00000007
2026-08-09T20:54:46.271+00:00,48.576892,357450,758796174,-154,334,8120,,,,,,,,,,-0.207,0.406,9.838,0x00000007
2026-08-09T20:54:46.377+00:00,48.682972,357500,758902290,-149,373,8157,,,,,,,,,,-0.193,0.404,9.834,0x00000007
2026-08-09T20:54:46.483+00:00,48.789115,357550,759008406,-123,338,8145,,,,,,,,,,-0.192,0.405,9.826,0x00000007
2026-08-09T20:54:46.589+00:00,48.895052,357600,759114523,-138,358,8137,,,,,,,,,,-0.192,0.401,9.830,0x00000007
2026-08-09T20:54:46.695+00:00,49.001162,357650,759220639,-160,349,8126,,,,,,,,,,-0.210,0.415,9.812,0x00000007
2026-08-09T20:54:46.801+00:00,49.106949,357700,759326755,-152,341,8157,,,,,,,,,,-0.202,0.408,9.835,0x00000007
2026-08-09T20:54:46.908+00:00,49.213491,357750,759432872,-146,349,8143,,,,,,,,,,-0.198,0.412,9.835,0x00000007
2026-08-09T20:54:47.014+00:00,49.319784,357800,759538988,-150,333,8145,,,,,,,,,,-0.208,0.409,9.828,0x00000007
2026-08-09T20:54:47.120+00:00,49.425543,357850,759645105,-142,342,8125,,,,,,,,,,-0.210,0.410,9.816,0x00000007
2026-08-09T20:54:47.225+00:00,49.531401,357900,759751222,-164,338,8139,,,,,,,,,,-0.206,0.407,9.817,0x00000007
2026-08-09T20:54:47.332+00:00,49.637661,357950,759857337,-131,351,8143,,,,,,,,,,-0.206,0.397,9.817,0x00000007
2026-08-09T20:54:47.438+00:00,49.743750,358000,759963454,-118,337,8133,,,,,,,,,,-0.191,0.406,9.815,0x00000007
2026-08-09T20:54:47.544+00:00,49.849982,358050,760069571,-145,353,8140,,,,,,,,,,-0.207,0.408,9.827,0x00000007
2026-08-09T20:54:47.650+00:00,49.955713,358100,760175687,-154,335,8135,,,,,,,,,,-0.199,0.402,9.817,0x00000007
2026-08-09T20:54:47.756+00:00,50.061864,358150,760281803,-135,332,8161,,,,,,,,,,-0.211,0.400,9.829,0x00000007
2026-08-09T20:54:47.862+00:00,50.167789,358200,760387919,-145,342,8126,,,,,,,,,,-0.190,0.403,9.826,0x00000007
2026-08-09T20:54:47.968+00:00,50.274019,358250,760494036,-159,337,8149,,,,,,,,,,-0.212,0.404,9.819,0x00000007
2026-08-09T20:54:48.075+00:00,50.380654,358300,760600152,-132,368,8121,,,,,,,,,,-0.206,0.393,9.829,0x00000007
2026-08-09T20:54:48.181+00:00,50.486855,358350,760706268,-150,349,8140,,,,,,,,,,-0.216,0.403,9.810,0x00000007
2026-08-09T20:54:48.287+00:00,50.592894,358400,760812386,-162,331,8134,,,,,,,,,,-0.212,0.398,9.802,0x00000007
2026-08-09T20:54:48.393+00:00,50.698926,358450,760918501,-144,339,8122,,,,,,,,,,-0.217,0.390,9.810,0x00000007
2026-08-09T20:54:48.499+00:00,50.805133,358500,761024618,-138,349,8118,,,,,,,,,,-0.206,0.401,9.818,0x00000007
2026-08-09T20:54:48.605+00:00,50.910992,358550,761130734,-153,344,8134,,,,,,,,,,-0.203,0.409,9.819,0x00000007
2026-08-09T20:54:48.711+00:00,51.016837,358600,761236850,-144,342,8135,,,,,,,,,,-0.216,0.403,9.820,0x00000007
2026-08-09T20:54:48.817+00:00,51.123391,358650,761342967,-157,354,8159,,,,,,,,,,-0.208,0.397,9.838,0x00000007
2026-08-09T20:54:48.924+00:00,51.229464,358700,761449083,-152,352,8129,,,,,,,,,,-0.209,0.403,9.837,0x00000007
2026-08-09T20:54:49.029+00:00,51.335027,358750,761555199,-156,321,8164,,,,,,,,,,-0.197,0.394,9.828,0x00000007
2026-08-09T20:54:49.136+00:00,51.441729,358800,761661316,-135,330,8142,,,,,,,,,,-0.202,0.400,9.823,0x00000007
2026-08-09T20:54:49.242+00:00,51.547743,358850,761767432,-145,366,8138,,,,,,,,,,-0.202,0.379,9.821,0x00000007
2026-08-09T20:54:49.348+00:00,51.653943,358900,761873549,-153,326,8114,,,,,,,,,,-0.213,0.393,9.820,0x00000007
2026-08-09T20:54:49.454+00:00,51.759670,358950,761979665,-128,350,8130,,,,,,,,,,-0.187,0.395,9.823,0x00000007
2026-08-09T20:54:49.560+00:00,51.865997,359000,762085782,-147,344,8139,,,,,,,,,,-0.207,0.407,9.832,0x00000007
2026-08-09T20:54:49.666+00:00,51.972098,359050,762191898,-159,348,8131,,,,,,,,,,-0.204,0.394,9.818,0x00000007
2026-08-09T20:54:49.772+00:00,52.078256,359100,762298015,-132,351,8146,,,,,,,,,,-0.191,0.404,9.829,0x00000007
2026-08-09T20:54:49.878+00:00,52.184368,359150,762404131,-142,352,8135,,,,,,,,,,-0.203,0.397,9.828,0x00000007
2026-08-09T20:54:49.985+00:00,52.290452,359200,762510247,-144,348,8149,,,,,,,,,,-0.204,0.402,9.815,0x00000007
2026-08-09T20:54:50.091+00:00,52.396524,359250,762616363,-155,358,8141,,,,,,,,,,-0.196,0.403,9.826,0x00000007
2026-08-09T20:54:50.197+00:00,52.502655,359300,762722480,-135,359,8127,,,,,,,,,,-0.194,0.405,9.822,0x00000007
2026-08-09T20:54:50.302+00:00,52.608172,359350,762828596,-140,337,8107,,,,,,,,,,-0.206,0.405,9.821,0x00000007
2026-08-09T20:54:50.409+00:00,52.714887,359400,762934712,-144,351,8141,,,,,,,,,,-0.221,0.402,9.826,0x00000007
2026-08-09T20:54:50.515+00:00,52.821032,359450,763040829,-142,355,8107,,,,,,,,,,-0.190,0.400,9.826,0x00000007
2026-08-09T20:54:50.621+00:00,52.927077,359500,763146945,-129,337,8149,,,,,,,,,,-0.202,0.388,9.823,0x00000007
2026-08-09T20:54:50.727+00:00,53.033240,359550,763253062,-138,343,8138,,,,,,,,,,-0.202,0.397,9.823,0x00000007
2026-08-09T20:54:50.833+00:00,53.139018,359600,763359179,-150,337,8123,,,,,,,,,,-0.205,0.406,9.814,0x00000007
2026-08-09T20:54:50.939+00:00,53.245339,359650,763465294,-146,343,8129,,,,,,,,,,-0.203,0.401,9.807,0x00000007
2026-08-09T20:54:51.045+00:00,53.351388,359700,763571411,-136,357,8144,,,,,,,,,,-0.205,0.405,9.824,0x00000007
2026-08-09T20:54:51.152+00:00,53.457488,359750,763677527,-149,325,8125,,,,,,,,,,-0.208,0.397,9.823,0x00000007
2026-08-09T20:54:51.258+00:00,53.563689,359800,763783644,-154,349,8139,,,,,,,,,,-0.201,0.407,9.822,0x00000007
2026-08-09T20:54:51.363+00:00,53.669383,359850,763889760,-144,345,8122,,,,,,,,,,-0.198,0.392,9.826,0x00000007
2026-08-09T20:54:51.470+00:00,53.775490,359900,763995876,-136,353,8130,,,,,,,,,,-0.204,0.402,9.802,0x00000007
2026-08-09T20:54:51.576+00:00,53.882025,359950,764101992,-153,336,8132,,,,,,,,,,-0.207,0.408,9.821,0x00000007
2026-08-09T20:54:51.682+00:00,53.988038,360000,764208109,-146,337,8130,,,,,,,,,,-0.199,0.406,9.809,0x00000007
2026-08-09T20:54:51.788+00:00,54.094197,360050,764314225,-124,355,8136,,,,,,,,,,-0.199,0.407,9.830,0x00000007
2026-08-09T20:54:51.894+00:00,54.200225,360100,764420342,-144,345,8136,,,,,,,,,,-0.199,0.410,9.815,0x00000007
2026-08-09T20:54:52.001+00:00,54.306452,360150,764526458,-143,357,8140,,,,,,,,,,-0.194,0.393,9.811,0x00000007
2026-08-09T20:54:52.106+00:00,54.412396,360200,764632574,-149,350,8142,,,,,,,,,,-0.214,0.402,9.826,0x00000007
2026-08-09T20:54:52.213+00:00,54.518818,360250,764738691,-163,358,8152,,,,,,,,,,-0.207,0.404,9.830,0x00000007
2026-08-09T20:54:52.319+00:00,54.624948,360300,764844807,-150,337,8121,,,,,,,,,,-0.213,0.393,9.804,0x00000007
2026-08-09T20:54:52.425+00:00,54.731008,360350,764950924,-137,349,8128,,,,,,,,,,-0.204,0.405,9.803,0x00000007
2026-08-09T20:54:52.531+00:00,54.836776,360400,765057040,-135,352,8145,,,,,,,,,,-0.200,0.397,9.837,0x00000007
2026-08-09T20:54:52.637+00:00,54.942993,360450,765163157,-142,356,8133,,,,,,,,,,-0.209,0.397,9.811,0x00000007
2026-08-09T20:54:52.743+00:00,55.049220,360500,765269273,-150,361,8155,,,,,,,,,,-0.209,0.405,9.817,0x00000007
2026-08-09T20:54:52.849+00:00,55.155186,360550,765375389,-149,328,8144,,,,,,,,,,-0.202,0.390,9.822,0x00000007
2026-08-09T20:54:52.955+00:00,55.261102,360600,765481506,-165,335,8142,,,,,,,,,,-0.208,0.407,9.819,0x00000007
2026-08-09T20:54:53.062+00:00,55.368125,360650,765587623,-142,345,8129,,,,,,,,,,-0.207,0.400,9.815,0x00000007
2026-08-09T20:54:53.168+00:00,55.473437,360700,765693739,-144,343,8134,,,,,,,,,,-0.207,0.389,9.820,0x00000007
2026-08-09T20:54:53.274+00:00,55.579662,360750,765799855,-139,357,8134,,,,,,,,,,-0.198,0.394,9.824,0x00000007
2026-08-09T20:54:53.380+00:00,55.685815,360800,765905972,-145,344,8150,,,,,,,,,,-0.202,0.408,9.830,0x00000007
2026-08-09T20:54:53.485+00:00,55.791366,360850,766012088,-128,334,8159,,,,,,,,,,-0.208,0.397,9.830,0x00000007
2026-08-09T20:54:53.592+00:00,55.897526,360900,766118204,-116,335,8135,,,,,,,,,,-0.205,0.408,9.819,0x00000007
2026-08-09T20:54:53.698+00:00,56.004137,360950,766224320,-131,339,8162,,,,,,,,,,-0.202,0.394,9.828,0x00000007
2026-08-09T20:54:53.804+00:00,56.110287,361000,766330436,-152,345,8164,,,,,,,,,,-0.202,0.403,9.823,0x00000007
2026-08-09T20:54:53.910+00:00,56.216117,361050,766436553,-142,333,8127,,,,,,,,,,-0.204,0.407,9.823,0x00000007
2026-08-09T20:54:54.016+00:00,56.322183,361100,766542669,-156,343,8127,,,,,,,,,,-0.207,0.396,9.824,0x00000007
2026-08-09T20:54:54.122+00:00,56.428078,361150,766648786,-130,341,8143,,,,,,,,,,-0.205,0.397,9.819,0x00000007
2026-08-09T20:54:54.229+00:00,56.534657,361200,766754902,-156,356,8150,,,,,,,,,,-0.202,0.402,9.815,0x00000007
2026-08-09T20:54:54.335+00:00,56.640636,361250,766861018,-146,313,8127,,,,,,,,,,-0.200,0.399,9.828,0x00000007
2026-08-09T20:54:54.441+00:00,56.746827,361300,766967135,-156,366,8125,,,,,,,,,,-0.209,0.405,9.829,0x00000007
2026-08-09T20:54:54.547+00:00,56.852984,361350,767073251,-143,343,8125,,,,,,,,,,-0.201,0.405,9.805,0x00000007
2026-08-09T20:54:54.653+00:00,56.959038,361400,767179368,-137,340,8140,,,,,,,,,,-0.200,0.409,9.833,0x00000007
2026-08-09T20:54:54.759+00:00,57.065146,361450,767285484,-134,361,8121,,,,,,,,,,-0.211,0.390,9.821,0x00000007
2026-08-09T20:54:54.865+00:00,57.171133,361500,767391600,-147,355,8129,,,,,,,,,,-0.198,0.404,9.829,0x00000007
2026-08-09T20:54:54.971+00:00,57.277318,361550,767497717,-140,330,8112,,,,,,,,,,-0.200,0.398,9.813,0x00000007
2026-08-09T20:54:55.077+00:00,57.383124,361600,767603833,-141,355,8136,,,,,,,,,,-0.211,0.408,9.815,0x00000007
2026-08-09T20:54:55.184+00:00,57.489695,361650,767709950,-131,342,8119,,,,,,,,,,-0.195,0.394,9.824,0x00000007
2026-08-09T20:54:55.290+00:00,57.596128,361700,767816066,-149,330,8139,,,,,,,,,,-0.195,0.399,9.814,0x00000007
2026-08-09T20:54:55.395+00:00,57.701389,361750,767922182,-146,332,8141,,,,,,,,,,-0.203,0.382,9.811,0x00000007
2026-08-09T20:54:55.502+00:00,57.807893,361800,768028298,-159,335,8154,,,,,,,,,,-0.198,0.399,9.829,0x00000007
2026-08-09T20:54:55.608+00:00,57.914199,361850,768134415,-144,354,8143,,,,,,,,,,-0.197,0.407,9.820,0x00000007
2026-08-09T20:54:55.714+00:00,58.020412,361900,768240531,-155,353,8148,,,,,,,,,,-0.204,0.407,9.803,0x00000007
2026-08-09T20:54:55.821+00:00,58.126450,361950,768346648,-162,340,8141,,,,,,,,,,-0.210,0.402,9.819,0x00000007
2026-08-09T20:54:55.926+00:00,58.232201,362000,768452765,-162,352,8114,,,,,,,,,,-0.212,0.403,9.808,0x00000007
2026-08-09T20:54:56.032+00:00,58.338375,362050,768558880,-136,340,8135,,,,,,,,,,-0.196,0.404,9.813,0x00000007
2026-08-09T20:54:56.138+00:00,58.444301,362100,768664997,-138,340,8162,,,,,,,,,,-0.211,0.394,9.815,0x00000007
2026-08-09T20:54:56.245+00:00,58.550535,362150,768771113,-151,343,8156,,,,,,,,,,-0.201,0.394,9.817,0x00000007
2026-08-09T20:54:56.351+00:00,58.656699,362200,768877230,-164,349,8126,,,,,,,,,,-0.193,0.409,9.831,0x00000007
2026-08-09T20:54:56.457+00:00,58.762803,362250,768983346,-151,344,8125,,,,,,,,,,-0.204,0.395,9.845,0x00000007
2026-08-09T20:54:56.563+00:00,58.868823,362300,769089462,-150,346,8135,,,,,,,,,,-0.211,0.401,9.833,0x00000007
2026-08-09T20:54:56.669+00:00,58.975061,362350,769195579,-132,355,8165,,,,,,,,,,-0.196,0.401,9.840,0x00000007
2026-08-09T20:54:56.775+00:00,59.080503,362400,769301695,-151,332,8142,,,,,,,,,,-0.197,0.400,9.840,0x00000007
2026-08-09T20:54:56.881+00:00,59.187054,362450,769407812,-139,359,8141,,,,,,,,,,-0.200,0.403,9.826,0x00000007
2026-08-09T20:54:56.987+00:00,59.293190,362500,769513928,-130,367,8140,,,,,,,,,,-0.202,0.403,9.808,0x00000007
2026-08-09T20:54:57.093+00:00,59.399225,362550,769620045,-163,319,8127,,,,,,,,,,-0.205,0.403,9.810,0x00000007
2026-08-09T20:54:57.199+00:00,59.505341,362600,769726161,-160,327,8149,,,,,,,,,,-0.207,0.408,9.811,0x00000007
2026-08-09T20:54:57.306+00:00,59.611752,362650,769832277,-142,358,8123,,,,,,,,,,-0.202,0.406,9.819,0x00000007
2026-08-09T20:54:57.411+00:00,59.717282,362700,769938394,-150,338,8148,,,,,,,,,,-0.211,0.397,9.826,0x00000007
2026-08-09T20:54:57.518+00:00,59.823456,362750,770044510,-160,359,8133,,,,,,,,,,-0.201,0.396,9.825,0x00000007
2026-08-09T20:54:57.624+00:00,59.930265,362800,770150626,-118,357,8100,,,,,,,,,,-0.204,0.382,9.825,0x00000007
2026-08-09T20:54:57.731+00:00,60.036578,362850,770256743,-152,339,8159,,,,,,,,,,-0.209,0.403,9.822,0x00000007
2026-08-09T20:54:57.836+00:00,60.142429,362900,770362859,-141,341,8130,,,,,,,,,,-0.193,0.409,9.811,0x00000007
2026-08-09T20:54:57.942+00:00,60.248177,362950,770468975,-157,359,8163,,,,,,,,,,-0.200,0.383,9.828,0x00000007
2026-08-09T20:54:58.049+00:00,60.354520,363000,770575092,-156,362,8116,,,,,,,,,,-0.199,0.402,9.834,0x00000007
2026-08-09T20:54:58.154+00:00,60.460176,363050,770681208,-147,344,8155,,,,,,,,,,-0.201,0.399,9.822,0x00000007
2026-08-09T20:54:58.260+00:00,60.566050,363100,770787325,-145,344,8176,,,,,,,,,,-0.203,0.397,9.830,0x00000007
2026-08-09T20:54:58.366+00:00,60.672129,363150,770893441,-145,340,8142,,,,,,,,,,-0.206,0.402,9.839,0x00000007
2026-08-09T20:54:58.472+00:00,60.778355,363200,770999557,-151,336,8137,,,,,,,,,,-0.199,0.388,9.840,0x00000007
2026-08-09T20:54:58.579+00:00,60.884531,363250,771105674,-148,343,8150,,,,,,,,,,-0.207,0.402,9.824,0x00000007
2026-08-09T20:54:58.685+00:00,60.991302,363300,771211790,-154,337,8159,,,,,,,,,,-0.206,0.409,9.815,0x00000007
2026-08-09T20:54:58.791+00:00,61.097002,363350,771317906,-155,335,8164,,,,,,,,,,-0.217,0.388,9.830,0x00000007
2026-08-09T20:54:58.897+00:00,61.203021,363400,771424024,-127,364,8126,,,,,,,,,,-0.196,0.415,9.835,0x00000007
2026-08-09T20:54:59.003+00:00,61.309124,363450,771530139,-146,363,8128,,,,,,,,,,-0.207,0.397,9.816,0x00000007
2026-08-09T20:54:59.109+00:00,61.415327,363500,771636256,-152,337,8144,,,,,,,,,,-0.205,0.411,9.814,0x00000007
2026-08-09T20:54:59.215+00:00,61.521127,363550,771742373,-129,350,8125,,,,,,,,,,-0.209,0.389,9.813,0x00000007
2026-08-09T20:54:59.322+00:00,61.627671,363600,771848488,-153,363,8138,,,,,,,,,,-0.196,0.403,9.825,0x00000007
2026-08-09T20:54:59.427+00:00,61.733428,363650,771954605,-145,337,8149,,,,,,,,,,-0.194,0.410,9.835,0x00000007
2026-08-09T20:54:59.534+00:00,61.839633,363700,772060721,-149,365,8135,,,,,,,,,,-0.200,0.412,9.801,0x00000007
2026-08-09T20:54:59.640+00:00,61.945638,363750,772166838,-160,355,8151,,,,,,,,,,-0.209,0.393,9.829,0x00000007
2026-08-09T20:54:59.746+00:00,62.051674,363800,772272954,-145,347,8145,,,,,,,,,,-0.217,0.404,9.824,0x00000007
2026-08-09T20:54:59.852+00:00,62.158050,363850,772379070,-146,323,8132,,,,,,,,,,-0.193,0.401,9.819,0x00000007
2026-08-09T20:54:59.958+00:00,62.264027,363900,772485187,-147,352,8102,,,,,,,,,,-0.210,0.392,9.819,0x00000007
2026-08-09T20:55:00.064+00:00,62.370080,363950,772591304,-123,314,8155,,,,,,,,,,-0.188,0.424,9.817,0x00000007
2026-08-09T20:55:00.170+00:00,62.476375,364000,772697420,-141,334,8114,,,,,,,,,,-0.202,0.407,9.801,0x00000007
2026-08-09T20:55:00.276+00:00,62.582395,364050,772803536,-150,357,8124,,,,,,,,,,-0.210,0.379,9.817,0x00000007
2026-08-09T20:55:00.383+00:00,62.688633,364100,772909653,-153,338,8124,,,,,,,,,,-0.211,0.406,9.828,0x00000007
2026-08-09T20:55:00.488+00:00,62.794073,364150,773015769,-148,346,8142,,,,,,,,,,-0.207,0.413,9.829,0x00000007
2026-08-09T20:55:00.594+00:00,62.900387,364200,773121886,-151,364,8138,,,,,,,,,,-0.213,0.399,9.826,0x00000007
2026-08-09T20:55:00.701+00:00,63.006783,364250,773228002,-168,343,8124,,,,,,,,,,-0.213,0.409,9.820,0x00000007
2026-08-09T20:55:00.807+00:00,63.113013,364300,773334118,-154,336,8114,,,,,,,,,,-0.205,0.408,9.812,0x00000007
2026-08-09T20:55:00.913+00:00,63.218764,364350,773440234,-144,328,8143,,,,,,,,,,-0.211,0.392,9.812,0x00000007
2026-08-09T20:55:01.020+00:00,63.325502,364400,773546351,-146,343,8125,,,,,,,,,,-0.209,0.392,9.815,0x00000007
2026-08-09T20:55:01.125+00:00,63.431147,364450,773652467,-151,348,8148,,,,,,,,,,-0.208,0.398,9.834,0x00000007
2026-08-09T20:55:01.231+00:00,63.537019,364500,773758583,-144,357,8123,,,,,,,,,,-0.221,0.411,9.822,0x00000007
2026-08-09T20:55:01.338+00:00,63.643650,364550,773864700,-143,326,8118,,,,,,,,,,-0.212,0.394,9.798,0x00000007
2026-08-09T20:55:01.444+00:00,63.749604,364600,773970816,-151,345,8129,,,,,,,,,,-0.209,0.402,9.830,0x00000007
2026-08-09T20:55:01.549+00:00,63.855155,364650,774076933,-154,353,8132,,,,,,,,,,-0.212,0.399,9.819,0x00000007
2026-08-09T20:55:01.656+00:00,63.961693,364700,774183049,-155,357,8152,,,,,,,,,,-0.213,0.402,9.805,0x00000007
2026-08-09T20:55:01.762+00:00,64.067930,364750,774289165,-138,348,8153,,,,,,,,,,-0.206,0.400,9.824,0x00000007
2026-08-09T20:55:01.868+00:00,64.173981,364800,774395283,-146,339,8155,,,,,,,,,,-0.201,0.406,9.817,0x00000007
2026-08-09T20:55:01.974+00:00,64.280085,364850,774501398,-170,347,8125,,,,,,,,,,-0.202,0.406,9.808,0x00000007
2026-08-09T20:55:02.080+00:00,64.386192,364900,774607515,-145,333,8146,,,,,,,,,,-0.209,0.394,9.828,0x00000007
2026-08-09T20:55:02.186+00:00,64.492304,364950,774713632,-137,347,8138,,,,,,,,,,-0.201,0.411,9.833,0x00000007
2026-08-09T20:55:02.292+00:00,64.598433,365000,774819748,-146,356,8138,,,,,,,,,,-0.216,0.399,9.813,0x00000007
2026-08-09T20:55:02.399+00:00,64.704528,365050,774925864,-133,340,8158,,,,,,,,,,-0.201,0.395,9.820,0x00000007
2026-08-09T20:55:02.505+00:00,64.810787,365100,775031980,-149,345,8123,,,,,,,,,,-0.201,0.398,9.802,0x00000007
2026-08-09T20:55:02.611+00:00,64.916615,365150,775138097,-151,347,8147,,,,,,,,,,-0.198,0.392,9.822,0x00000007
2026-08-09T20:55:02.717+00:00,65.023196,365200,775244213,-167,329,8133,,,,,,,,,,-0.214,0.396,9.823,0x00000007
2026-08-09T20:55:02.823+00:00,65.129357,365250,775350330,-163,340,8148,,,,,,,,,,-0.200,0.396,9.820,0x00000007
2026-08-09T20:55:02.929+00:00,65.235291,365300,775456446,-151,337,8128,,,,,,,,,,-0.193,0.400,9.818,0x00000007
2026-08-09T20:55:03.035+00:00,65.340951,365350,775562563,-136,339,8145,,,,,,,,,,-0.197,0.393,9.818,0x00000007
2026-08-09T20:55:03.141+00:00,65.447201,365400,775668679,-138,345,8136,,,,,,,,,,-0.205,0.394,9.810,0x00000007
2026-08-09T20:55:03.247+00:00,65.553375,365450,775774795,-155,353,8131,,,,,,,,,,-0.203,0.410,9.814,0x00000007
2026-08-09T20:55:03.354+00:00,65.659813,365500,775880911,-160,356,8144,,,,,,,,,,-0.209,0.406,9.819,0x00000007
2026-08-09T20:55:03.459+00:00,65.765358,365550,775987028,-153,324,8169,,,,,,,,,,-0.217,0.404,9.842,0x00000007
2026-08-09T20:55:03.566+00:00,65.871747,365600,776093144,-137,349,8124,,,,,,,,,,-0.205,0.402,9.824,0x00000007
2026-08-09T20:55:03.672+00:00,65.977637,365650,776199261,-135,345,8133,,,,,,,,,,-0.197,0.402,9.825,0x00000007
2026-08-09T20:55:03.778+00:00,66.083925,365700,776305377,-139,353,8163,,,,,,,,,,-0.205,0.399,9.847,0x00000007
2026-08-09T20:55:03.884+00:00,66.189894,365750,776411493,-139,332,8120,,,,,,,,,,-0.202,0.395,9.822,0x00000007
2026-08-09T20:55:03.990+00:00,66.296107,365800,776517610,-157,360,8135,,,,,,,,,,-0.197,0.405,9.831,0x00000007
2026-08-09T20:55:04.096+00:00,66.401651,365850,776623727,-177,354,8148,,,,,,,,,,-0.208,0.398,9.835,0x00000007
2026-08-09T20:55:04.203+00:00,66.508634,365900,776729843,-128,334,8118,,,,,,,,,,-0.205,0.386,9.833,0x00000007
2026-08-09T20:55:04.309+00:00,66.614621,365950,776835959,-141,344,8142,,,,,,,,,,-0.204,0.393,9.813,0x00000007
2026-08-09T20:55:04.415+00:00,66.720974,366000,776942076,-154,337,8130,,,,,,,,,,-0.214,0.394,9.813,0x00000007
2026-08-09T20:55:04.521+00:00,66.826989,366050,777048192,-147,336,8147,,,,,,,,,,-0.203,0.398,9.816,0x00000007
2026-08-09T20:55:04.627+00:00,66.932505,366100,777154308,-135,332,8160,,,,,,,,,,-0.202,0.392,9.835,0x00000007
2026-08-09T20:55:04.733+00:00,67.039013,366150,777260424,-147,357,8137,,,,,,,,,,-0.193,0.400,9.836,0x00000007
2026-08-09T20:55:04.839+00:00,67.144763,366200,777366541,-145,355,8132,,,,,,,,,,-0.202,0.411,9.839,0x00000007
2026-08-09T20:55:04.945+00:00,67.251258,366250,777472657,-125,351,8138,,,,,,,,,,-0.193,0.403,9.830,0x00000007
2026-08-09T20:55:05.051+00:00,67.357033,366300,777578774,-144,346,8158,,,,,,,,,,-0.205,0.399,9.834,0x00000007
2026-08-09T20:55:05.157+00:00,67.463045,366350,777684891,-155,347,8159,,,,,,,,,,-0.199,0.395,9.807,0x00000007
2026-08-09T20:55:05.263+00:00,67.569277,366400,777791007,-151,353,8113,,,,,,,,,,-0.209,0.400,9.814,0x00000007
2026-08-09T20:55:05.369+00:00,67.675201,366450,777897123,-145,346,8159,,,,,,,,,,-0.210,0.392,9.815,0x00000007
2026-08-09T20:55:05.476+00:00,67.781946,366500,778003239,-166,332,8152,,,,,,,,,,-0.200,0.406,9.814,0x00000007
2026-08-09T20:55:05.581+00:00,67.887352,366550,778109356,-150,321,8127,,,,,,,,,,-0.207,0.409,9.815,0x00000007
2026-08-09T20:55:05.687+00:00,67.993416,366600,778215472,-150,339,8141,,,,,,,,,,-0.212,0.387,9.832,0x00000007
2026-08-09T20:55:05.794+00:00,68.100326,366650,778321588,-145,361,8161,,,,,,,,,,-0.206,0.407,9.819,0x00000007
2026-08-09T20:55:05.900+00:00,68.205927,366700,778427706,-142,346,8148,,,,,,,,,,-0.206,0.399,9.824,0x00000007
2026-08-09T20:55:06.006+00:00,68.312015,366750,778533821,-159,351,8146,,,,,,,,,,-0.200,0.398,9.821,0x00000007
2026-08-09T20:55:06.112+00:00,68.418049,366800,778639939,-162,354,8125,,,,,,,,,,-0.200,0.399,9.818,0x00000007
2026-08-09T20:55:06.218+00:00,68.524246,366850,778746054,-145,329,8113,,,,,,,,,,-0.205,0.406,9.804,0x00000007
2026-08-09T20:55:06.324+00:00,68.630257,366900,778852170,-145,347,8138,,,,,,,,,,-0.193,0.413,9.828,0x00000007
2026-08-09T20:55:06.430+00:00,68.736420,366950,778958288,-156,337,8105,,,,,,,,,,-0.219,0.396,9.805,0x00000007
