block,index,ax_raw,ay_raw,az_raw
1,0,8190,-160,-605
1,1,8190,-155,-601
1,2,8204,-167,-585
1,3,8193,-163,-597
1,4,8194,-151,-590
1,5,8194,-156,-597
1,6,8188,-161,-583
1,7,8183,-157,-588
1,8,8186,-146,-587
1,9,8188,-154,-609
1,10,8183,-143,-620
1,11,8188,-142,-602
1,12,8186,-145,-609
1,13,8195,-163,-604
1,14,8191,-158,-620
1,15,8197,-150,-620
1,16,8197,-142,-624
1,17,8193,-152,-606
1,18,8185,-143,-601
1,19,8177,-153,-622
1,20,8177,-169,-612
1,21,8171,-155,-607
1,22,8176,-155,-619
1,23,8173,-152,-619
1,24,8173,-148,-608
1,25,8177,-152,-608
1,26,8172,-154,-606
1,27,8170,-145,-594
1,28,8171,-155,-584
1,29,8172,-163,-587
1,30,8171,-167,-590
1,31,8176,-156,-587
1,32,8182,-168,-595
1,33,8181,-157,-597
1,34,8180,-158,-600
1,35,8172,-171,-604
1,36,8170,-157,-604
1,37,8166,-144,-615
1,38,8182,-149,-607
1,39,8192,-160,-609
1,40,8184,-168,-598
1,41,8186,-173,-599
1,42,8178,-176,-579
1,43,8189,-168,-583
1,44,8199,-157,-593
1,45,8195,-159,-604
1,46,8192,-159,-601
1,47,8195,-149,-596
1,48,8186,-149,-587
1,49,8174,-156,-607
1,50,8178,-154,-612
1,51,8177,-154,-610
1,52,8186,-156,-600
1,53,8188,-162,-605
1,54,8182,-161,-600
1,55,8192,-171,-604
1,56,8194,-166,-609
1,57,8197,-176,-623
1,58,8199,-178,-623
1,59,8198,-157,-618
1,60,8195,-155,-620
1,61,8183,-156,-624
1,62,8184,-153,-614
1,63,8191,-154,-625
1,64,8186,-158,-609
1,65,8178,-155,-606
1,66,8167,-148,-606
1,67,8179,-138,-601
1,68,8182,-147,-613
1,69,8197,-163,-594
1,70,8198,-170,-591
1,71,8191,-168,-596
1,72,8192,-163,-598
1,73,8184,-155,-600
1,74,8176,-143,-602
1,75,8178,-134,-590
1,76,8175,-153,-573
1,77,8178,-165,-554
1,78,8179,-166,-568
1,79,8188,-170,-583
1,80,8190,-157,-595
1,81,8190,-148,-607
1,82,8180,-150,-608
1,83,8171,-165,-601
1,84,8163,-152,-603
1,85,8178,-152,-611
1,86,8173,-160,-609
1,87,8196,-149,-605
1,88,8183,-141,-608
1,89,8184,-141,-606
1,90,8195,-147,-601
1,91,8197,-139,-606
1,92,8181,-152,-598
1,93,8181,-158,-596
1,94,8195,-157,-594
1,95,8185,-157,-611
1,96,8174,-150,-604
1,97,8163,-151,-610
1,98,8179,-155,-631
1,99,8179,-154,-621
1,100,8180,-147,-613
1,101,8181,-144,-618
1,102,8179,-136,-611
1,103,8184,-154,-597
1,104,8191,-159,-608
1,105,8193,-166,-617
1,106,8193,-171,-604
1,107,8190,-165,-596
1,108,8182,-161,-600
1,109,8191,-163,-587
1,110,8192,-166,-594
1,111,8188,-162,-593
1,112,8182,-164,-602
1,113,8181,-150,-620
1,114,8176,-158,-617
1,115,8185,-169,-618
1,116,8192,-172,-612
1,117,8192,-175,-592
1,118,8197,-158,-586
1,119,8192,-151,-581
1,120,8186,-137,-586
1,121,8192,-135,-600
1,122,8188,-148,-597
1,123,8194,-148,-619
1,124,8193,-154,-609
1,125,8186,-159,-608
1,126,8186,-168,-603
1,127,8182,-167,-606
1,128,8186,-160,-607
1,129,8186,-152,-607
1,130,8185,-162,-600
1,131,8192,-161,-600
1,132,8193,-166,-600
1,133,8186,-168,-600
1,134,8194,-158,-608
1,135,8194,-143,-615
1,136,8196,-160,-624
1,137,8183,-163,-634
1,138,8193,-166,-627
1,139,8185,-167,-624
1,140,8184,-155,-621
1,141,8185,-159,-612
1,142,8181,-156,-612
1,143,8170,-161,-599
1,144,8182,-162,-598
1,145,8183,-166,-608
1,146,8198,-159,-613
1,147,8202,-159,-612
1,148,8193,-156,-603
1,149,8197,-157,-599
1,150,8193,-149,-598
1,151,8200,-170,-601
1,152,8206,-159,-580
1,153,8202,-160,-582
1,154,8185,-173,-590
1,155,8173,-157,-579
1,156,8174,-159,-608
1,157,8167,-150,-592
1,158,8173,-150,-579
1,159,8180,-141,-578
1,160,8193,-135,-591
1,161,8188,-146,-591
1,162,8191,-148,-593
1,163,8180,-164,-591
1,164,8189,-181,-596
1,165,8192,-175,-601
1,166,8188,-176,-619
1,167,8196,-165,-614
1,168,8191,-157,-601
1,169,8187,-162,-617
1,170,8188,-158,-611
1,171,8187,-156,-606
1,172,8195,-154,-608
1,173,8188,-144,-594
1,174,8195,-159,-601
1,175,8190,-163,-618
1,176,8190,-165,-621
1,177,8186,-165,-614
1,178,8188,-149,-605
1,179,8198,-148,-585
1,180,8190,-149,-578
1,181,8184,-165,-589
1,182,8185,-151,-575
1,183,8190,-160,-579
1,184,8185,-173,-603
1,185,8187,-164,-604
1,186,8178,-157,-612
1,187,8186,-156,-593
1,188,8190,-154,-589
1,189,8213,-160,-605
1,190,8208,-151,-606
1,191,8195,-145,-595
1,192,8191,-139,-602
1,193,8187,-144,-599
1,194,8186,-150,-588
1,195,8175,-143,-593
1,196,8174,-142,-596
1,197,8182,-154,-579
1,198,8182,-161,-573
1,199,8187,-164,-576
1,200,8187,-152,-577
1,201,8182,-150,-565
1,202,8184,-151,-579
1,203,8184,-160,-579
1,204,8169,-159,-597
1,205,8172,-148,-603
1,206,8184,-142,-602
1,207,8192,-149,-605
1,208,8180,-145,-578
1,209,8183,-157,-558
1,210,8181,-141,-569
1,211,8184,-137,-580
1,212,8184,-146,-596
1,213,8178,-152,-600
1,214,8174,-144,-617
1,215,8185,-151,-603
1,216,8179,-149,-603
1,217,8183,-150,-614
1,218,8187,-148,-615
1,219,8195,-136,-614
1,220,8180,-139,-607
1,221,8186,-144,-597
1,222,8186,-140,-609
1,223,8172,-141,-612
1,224,8179,-139,-611
1,225,8181,-135,-615
1,226,8170,-155,-605
1,227,8166,-160,-608
1,228,8178,-149,-585
1,229,8176,-152,-583
1,230,8178,-154,-584
1,231,8180,-142,-587
1,232,8191,-153,-590
1,233,8190,-160,-592
1,234,8192,-157,-591
1,235,8172,-154,-587
1,236,8166,-146,-615
1,237,8167,-142,-592
1,238,8177,-145,-588
1,239,8183,-132,-575
1,240,8189,-139,-581
1,241,8196,-131,-593
1,242,8200,-139,-592
1,243,8188,-149,-601
1,244,8194,-147,-608
1,245,8187,-138,-639
1,246,8188,-155,-637
1,247,8176,-168,-617
1,248,8172,-172,-612
1,249,8168,-167,-585
1,250,8175,-167,-584
1,251,8186,-166,-601
1,252,8188,-152,-601
1,253,8180,-135,-594
1,254,8176,-149,-596
1,255,8183,-137,-589
1,256,8181,-155,-591
1,257,8187,-159,-594
1,258,8185,-166,-591
1,259,8194,-165,-617
1,260,8192,-164,-625
1,261,8209,-147,-617
1,262,8193,-152,-605
1,263,8190,-162,-619
1,264,8202,-157,-619
1,265,8195,-147,-613
1,266,8198,-148,-616
1,267,8199,-160,-611
1,268,8194,-176,-597
1,269,8198,-157,-581
1,270,8193,-140,-583
1,271,8187,-140,-573
1,272,8180,-136,-586
1,273,8183,-136,-595
1,274,8187,-135,-579
1,275,8196,-139,-565
1,276,8201,-147,-576
1,277,8190,-137,-588
1,278,8176,-137,-603
1,279,8182,-145,-598
1,280,8188,-152,-579
1,281,8192,-156,-589
1,282,8186,-152,-610
1,283,8193,-149,-594
1,284,8194,-144,-602
1,285,8198,-144,-607
1,286,8205,-147,-613
1,287,8204,-146,-603
1,288,8193,-135,-613
1,289,8210,-175,-596
1,290,8195,-173,-597
1,291,8151,-125,-580
1,292,8216,-176,-598
1,293,8191,-180,-597
1,294,8198,-166,-609
1,295,8163,-141,-621
1,296,8187,-186,-625
1,297,8183,-179,-608
1,298,8150,-134,-594
1,299,8184,-154,-622
1,300,8194,-174,-611
1,301,8180,-160,-620
1,302,8179,-135,-634
1,303,8176,-148,-612
1,304,8197,-154,-609
1,305,8191,-153,-587
1,306,8199,-143,-578
1,307,8204,-157,-585
1,308,8187,-163,-570
1,309,8188,-129,-576
1,310,8194,-158,-589
1,311,8180,-170,-591
1,312,8183,-158,-604
1,313,8197,-163,-606
1,314,8199,-170,-586
1,315,8193,-161,-589
1,316,8207,-148,-582
1,317,8200,-165,-608
1,318,8192,-153,-617
1,319,8202,-161,-596
1,320,8196,-161,-621
1,321,8194,-143,-603
1,322,8188,-150,-595
1,323,8194,-162,-614
1,324,8166,-131,-608
1,325,8174,-140,-601
1,326,8186,-163,-600
1,327,8174,-157,-593
1,328,8181,-152,-598
1,329,8170,-152,-587
1,330,8200,-176,-611
1,331,8187,-165,-608
1,332,8186,-144,-625
1,333,8203,-165,-637
1,334,8181,-165,-632
1,335,8198,-157,-615
1,336,8188,-142,-594
1,337,8186,-142,-594
1,338,8195,-156,-606
1,339,8197,-152,-615
1,340,8207,-142,-627
1,341,8193,-152,-617
1,342,8182,-162,-596
1,343,8205,-147,-603
1,344,8195,-155,-586
1,345,8197,-152,-573
1,346,8203,-133,-590
1,347,8198,-160,-582
1,348,8201,-170,-582
1,349,8194,-154,-607
1,350,8197,-146,-603
1,351,8204,-159,-598
1,352,8190,-157,-582
1,353,8186,-154,-570
1,354,8209,-176,-576
1,355,8197,-173,-610
1,356,8199,-171,-608
1,357,8190,-162,-604
1,358,8195,-162,-599
1,359,8198,-155,-590
1,360,8195,-147,-595
1,361,8202,-154,-607
1,362,8189,-149,-609
1,363,8183,-155,-612
1,364,8184,-153,-605
1,365,8187,-147,-601
1,366,8189,-156,-604
1,367,8189,-161,-593
1,368,8198,-163,-616
1,369,8200,-160,-627
1,370,8196,-159,-641
1,371,8186,-159,-647
1,372,8190,-167,-631
1,373,8188,-161,-635
1,374,8186,-150,-615
1,375,8199,-161,-605
1,376,8193,-178,-608
1,377,8176,-168,-602
1,378,8175,-157,-588
1,379,8180,-165,-594
1,380,8183,-155,-615
1,381,8189,-165,-621
1,382,8174,-167,-618
1,383,8178,-179,-606
1,384,8182,-185,-591
1,385,8188,-163,-603
1,386,8197,-149,-577
1,387,8187,-151,-589
1,388,8189,-152,-598
1,389,8193,-147,-600
1,390,8187,-157,-598
1,391,8187,-161,-609
1,392,8197,-177,-602
1,393,8203,-189,-601
1,394,8193,-172,-601
1,395,8194,-165,-604
1,396,8191,-153,-592
1,397,8201,-157,-625
1,398,8198,-160,-621
1,399,8184,-153,-586
1,400,8188,-155,-593
1,401,8187,-151,-595
1,402,8181,-160,-584
1,403,8195,-162,-593
1,404,8177,-148,-603
1,405,8182,-156,-631
1,406,8180,-152,-622
1,407,8180,-149,-609
1,408,8184,-156,-594
1,409,8191,-168,-586
1,410,8190,-175,-571
1,411,8195,-167,-573
1,412,8195,-151,-559
1,413,8191,-152,-562
1,414,8186,-153,-584
1,415,8190,-139,-602
1,416,8198,-151,-607
1,417,8192,-162,-610
1,418,8179,-158,-604
1,419,8173,-153,-587
1,420,8193,-156,-575
1,421,8195,-147,-571
1,422,8200,-149,-589
1,423,8201,-149,-596
1,424,8209,-150,-593
1,425,8198,-158,-600
1,426,8198,-156,-590
1,427,8194,-160,-574
1,428,8180,-148,-585
1,429,8190,-173,-599
1,430,8183,-118,-603
1,431,8192,-182,-567
1,432,8180,-141,-633
1,433,8171,-162,-561
1,434,8316,-268,-670
1,435,8011,19,-577
1,436,8294,-184,-700
1,437,8107,-147,-595
1,438,8216,-184,-608
1,439,8222,-136,-625
1,440,8141,-149,-620
1,441,8244,-169,-685
1,442,8145,-149,-603
1,443,8143,-138,-603
1,444,8257,-154,-573
1,445,8152,-156,-584
1,446,8242,-124,-636
1,447,8137,-137,-617
1,448,8207,-221,-602
1,449,8173,-161,-566
1,450,8194,-172,-584
1,451,8194,-135,-590
1,452,8202,-162,-593
1,453,8212,-189,-569
1,454,8222,-169,-589
1,455,8167,-136,-605
1,456,8197,-132,-640
1,457,8194,-193,-641
1,458,8191,-179,-595
1,459,8180,-166,-540
1,460,8211,-199,-567
1,461,8201,-164,-607
1,462,8179,-165,-637
1,463,8184,-137,-608
1,464,8164,-170,-619
1,465,8209,-152,-618
1,466,8200,-135,-630
1,467,8197,-165,-609
1,468,8194,-163,-593
1,469,8158,-154,-563
1,470,8180,-171,-575
1,471,8201,-163,-601
1,472,8181,-156,-629
1,473,8182,-124,-621
1,474,8162,-133,-615
1,475,8170,-147,-582
1,476,8222,-182,-599
1,477,8172,-121,-599
1,478,8201,-132,-615
1,479,8189,-170,-631
1,480,8201,-180,-606
1,481,8199,-165,-607
1,482,8202,-144,-584
1,483,8195,-155,-584
1,484,8190,-178,-561
1,485,8198,-187,-563
1,486,8208,-173,-580
1,487,8194,-169,-595
1,488,8198,-171,-625
1,489,8195,-181,-642
1,490,8188,-164,-616
1,491,8179,-155,-594
1,492,8192,-134,-603
1,493,8185,-139,-605
1,494,8188,-141,-614
1,495,8193,-140,-620
1,496,8198,-146,-617
1,497,8186,-154,-610
1,498,8191,-168,-605
1,499,8200,-154,-601
1,500,8196,-157,-588
1,501,8181,-157,-580
1,502,8180,-152,-606
1,503,8185,-151,-619
1,504,8191,-161,-626
1,505,8199,-158,-620
1,506,8197,-168,-613
1,507,8191,-171,-578
1,508,8199,-161,-582
1,509,8194,-156,-595
1,510,8196,-164,-609
1,511,8200,-166,-615
1,512,8210,-170,-612
1,513,8190,-151,-600
1,514,8193,-141,-590
1,515,8192,-168,-603
1,516,8191,-170,-604
1,517,8178,-145,-593
1,518,8198,-153,-591
1,519,8212,-143,-584
1,520,8206,-154,-596
1,521,8205,-161,-597
1,522,8189,-161,-578
1,523,8195,-163,-566
1,524,8202,-161,-576
1,525,8202,-159,-586
1,526,8205,-147,-608
1,527,8184,-148,-638
1,528,8191,-147,-625
1,529,8182,-147,-616
1,530,8178,-155,-620
1,531,8196,-149,-600
1,532,8192,-153,-598
1,533,8186,-149,-605
1,534,8184,-142,-602
1,535,8185,-144,-599
1,536,8180,-148,-603
1,537,8200,-146,-611
1,538,8192,-154,-607
1,539,8191,-149,-594
1,540,8188,-166,-593
1,541,8184,-161,-594
1,542,8179,-154,-607
1,543,8186,-161,-613
1,544,8194,-162,-611
1,545,8187,-138,-607
1,546,8184,-149,-612
1,547,8191,-152,-617
1,548,8197,-153,-609
1,549,8189,-171,-605
1,550,8182,-171,-608
1,551,8183,-154,-601
1,552,8178,-145,-602
1,553,8187,-155,-591
1,554,8190,-162,-585
1,555,8193,-149,-578
1,556,8191,-143,-571
1,557,8186,-141,-591
1,558,8192,-134,-612
1,559,8193,-147,-615
1,560,8188,-162,-619
1,561,8196,-164,-601
1,562,8199,-162,-594
1,563,8189,-156,-590
1,564,8194,-149,-616
1,565,8191,-148,-621
1,566,8178,-157,-633
1,567,8189,-152,-622
1,568,8193,-152,-616
1,569,8198,-148,-601
1,570,8204,-165,-594
1,571,8196,-166,-574
1,572,8186,-153,-578
1,573,8180,-152,-593
1,574,8186,-155,-612
1,575,8197,-174,-603
1,576,8199,-161,-593
1,577,8193,-149,-596
1,578,8180,-152,-585
1,579,8177,-156,-590
1,580,8175,-152,-597
1,581,8189,-153,-607
1,582,8196,-155,-618
1,583,8195,-166,-595
1,584,8186,-168,-610
1,585,8187,-161,-612
1,586,8189,-170,-600
1,587,8194,-167,-602
1,588,8196,-174,-605
1,589,8200,-181,-611
1,590,8200,-182,-615
1,591,8201,-163,-607
1,592,8187,-158,-589
1,593,8194,-156,-603
1,594,8193,-160,-613
1,595,8182,-166,-624
1,596,8189,-155,-639
1,597,8189,-159,-633
1,598,8191,-167,-636
1,599,8181,-162,-627
1,600,8187,-161,-633
1,601,8193,-157,-622
1,602,8209,-154,-615
1,603,8198,-156,-607
1,604,8181,-148,-588
1,605,8177,-152,-609
1,606,8186,-165,-615
1,607,8179,-167,-599
1,608,8179,-166,-589
1,609,8187,-175,-594
1,610,8199,-168,-588
1,611,8190,-164,-593
1,612,8185,-145,-590
1,613,8187,-135,-576
1,614,8184,-150,-586
1,615,8199,-165,-607
1,616,8198,-152,-612
1,617,8188,-151,-626
1,618,8179,-149,-624
1,619,8178,-153,-621
1,620,8178,-154,-612
1,621,8180,-154,-613
1,622,8205,-153,-611
1,623,8201,-154,-627
1,624,8193,-158,-627
1,625,8186,-151,-627
1,626,8180,-146,-633
1,627,8173,-148,-609
1,628,8180,-160,-593
1,629,8179,-155,-599
1,630,8179,-147,-625
1,631,8172,-149,-620
1,632,8173,-157,-618
1,633,8174,-156,-602
1,634,8188,-147,-594
1,635,8190,-154,-596
1,636,8189,-165,-597
1,637,8193,-164,-616
1,638,8191,-153,-617
1,639,8195,-156,-610
1,640,8204,-157,-606
1,641,8204,-144,-602
1,642,8213,-158,-597
1,643,8206,-161,-601
1,644,8194,-156,-592
1,645,8193,-159,-594
1,646,8191,-159,-597
1,647,8188,-159,-564
1,648,8189,-152,-587
1,649,8186,-156,-597
1,650,8194,-166,-599
1,651,8191,-166,-601
1,652,8193,-159,-620
1,653,8191,-163,-615
1,654,8188,-163,-624
1,655,8191,-164,-615
1,656,8216,-163,-610
1,657,8204,-156,-587
1,658,8192,-151,-594
1,659,8190,-155,-583
1,660,8187,-153,-604
1,661,8177,-157,-602
1,662,8186,-150,-597
1,663,8199,-146,-588
1,664,8210,-152,-602
1,665,8208,-154,-594
1,666,8194,-150,-587
1,667,8184,-134,-590
1,668,8191,-132,-600
1,669,8188,-140,-581
1,670,8197,-139,-578
1,671,8195,-150,-596
1,672,8199,-153,-601
1,673,8197,-152,-607
1,674,8205,-163,-623
1,675,8193,-156,-610
1,676,8196,-161,-588
1,677,8194,-159,-588
1,678,8196,-154,-600
1,679,8191,-155,-590
1,680,8187,-156,-583
1,681,8189,-160,-585
1,682,8198,-153,-597
1,683,8188,-150,-604
1,684,8193,-140,-597
1,685,8180,-141,-597
1,686,8184,-151,-586
1,687,8188,-158,-574
1,688,8197,-158,-592
1,689,8189,-145,-607
1,690,8197,-143,-598
1,691,8194,-137,-591
1,692,8181,-141,-589
1,693,8184,-151,-604
1,694,8182,-151,-605
1,695,8182,-161,-603
1,696,8179,-170,-587
1,697,8170,-164,-591
1,698,8183,-171,-582
1,699,8177,-160,-595
1,700,8188,-170,-605
1,701,8167,-155,-608
1,702,8185,-153,-618
1,703,8183,-170,-608
1,704,8177,-168,-593
1,705,8168,-161,-596
1,706,8174,-158,-605
1,707,8180,-149,-598
1,708,8179,-161,-591
1,709,8184,-138,-598
1,710,8191,-145,-604
1,711,8203,-142,-608
1,712,8199,-143,-591
1,713,8187,-147,-606
1,714,8178,-142,-594
1,715,8182,-151,-594
1,716,8180,-156,-606
1,717,8191,-155,-592
1,718,8188,-155,-595
1,719,8191,-157,-584
1,720,8191,-158,-575
1,721,8195,-163,-588
1,722,8201,-155,-621
1,723,8208,-144,-615
1,724,8192,-134,-609
1,725,8190,-138,-589
1,726,8190,-138,-594
1,727,8191,-141,-598
1,728,8189,-139,-604
1,729,8187,-140,-604
1,730,8182,-146,-613
1,731,8195,-157,-610
1,732,8190,-160,-628
1,733,8193,-152,-611
1,734,8198,-139,-601
1,735,8195,-141,-598
1,736,8180,-146,-589
1,737,8185,-161,-608
1,738,8193,-165,-624
1,739,8199,-164,-602
1,740,8196,-153,-607
1,741,8195,-162,-595
1,742,8193,-175,-590
1,743,8189,-166,-587
1,744,8186,-165,-603
1,745,8193,-168,-601
1,746,8200,-171,-596
1,747,8200,-163,-584
1,748,8185,-161,-602
1,749,8182,-158,-596
1,750,8181,-151,-602
1,751,8173,-141,-607
1,752,8171,-137,-615
1,753,8176,-136,-616
1,754,8176,-136,-600
1,755,8187,-135,-599
1,756,8202,-139,-585
1,757,8197,-148,-609
1,758,8198,-157,-630
1,759,8194,-149,-631
1,760,8191,-163,-611
1,761,8190,-151,-599
1,762,8194,-147,-586
1,763,8192,-153,-589
1,764,8186,-161,-590
1,765,8184,-165,-588
1,766,8187,-166,-578
1,767,8192,-158,-585
1,768,8185,-160,-607
1,769,8193,-161,-607
1,770,8197,-170,-605
1,771,8195,-164,-607
1,772,8180,-170,-601
1,773,8180,-179,-605
1,774,8177,-184,-597
1,775,8190,-176,-591
1,776,8191,-165,-581
1,777,8191,-152,-585
1,778,8188,-146,-588
1,779,8188,-147,-606
1,780,8190,-157,-614
1,781,8186,-151,-601
1,782,8184,-167,-615
1,783,8188,-163,-622
1,784,8182,-163,-623
1,785,8186,-172,-615
1,786,8184,-181,-606
1,787,8192,-182,-612
1,788,8197,-168,-635
1,789,8178,-169,-642
1,790,8180,-160,-628
1,791,8182,-148,-620
1,792,8186,-149,-603
1,793,8197,-149,-598
1,794,8207,-146,-584
1,795,8193,-139,-591
1,796,8175,-141,-598
1,797,8178,-149,-592
1,798,8185,-157,-597
1,799,8181,-157,-599
1,800,8182,-158,-618
1,801,8175,-157,-607
1,802,8196,-149,-577
1,803,8206,-153,-581
1,804,8203,-157,-588
1,805,8196,-160,-589
1,806,8190,-163,-608
1,807,8195,-166,-616
1,808,8210,-164,-606
1,809,8201,-149,-627
1,810,8201,-154,-635
1,811,8208,-162,-628
1,812,8200,-174,-630
1,813,8195,-170,-636
1,814,8196,-158,-623
1,815,8195,-164,-620
1,816,8198,-155,-610
1,817,8196,-139,-618
1,818,8187,-140,-617
1,819,8191,-143,-611
1,820,8195,-144,-618
1,821,8178,-143,-616
1,822,8183,-131,-624
1,823,8183,-147,-598
1,824,8195,-145,-593
1,825,8200,-154,-580
1,826,8200,-146,-606
1,827,8200,-142,-595
1,828,8195,-147,-612
1,829,8196,-149,-597
1,830,8195,-148,-605
1,831,8192,-158,-591
1,832,8189,-159,-579
1,833,8202,-156,-586
1,834,8204,-156,-597
1,835,8215,-154,-588
1,836,8209,-152,-591
1,837,8202,-155,-583
1,838,8195,-163,-574
1,839,8186,-155,-583
1,840,8189,-151,-585
1,841,8190,-157,-605
1,842,8174,-146,-599
1,843,8191,-171,-591
1,844,8187,-155,-571
1,845,8189,-154,-578
1,846,8179,-160,-594
1,847,8184,-171,-596
1,848,8192,-173,-610
1,849,8197,-176,-599
1,850,8196,-164,-600
1,851,8202,-163,-608
1,852,8190,-172,-605
1,853,8201,-152,-593
1,854,8193,-151,-605
1,855,8192,-163,-613
1,856,8191,-160,-602
1,857,8183,-161,-608
1,858,8182,-163,-613
1,859,8186,-160,-622
1,860,8180,-169,-607
1,861,8179,-168,-581
1,862,8187,-161,-582
1,863,8180,-141,-583
1,864,8198,-136,-601
1,865,8205,-148,-599
1,866,8195,-158,-585
1,867,8191,-162,-597
1,868,8186,-170,-590
1,869,8182,-168,-596
1,870,8180,-161,-592
1,871,8180,-161,-594
1,872,8173,-160,-589
1,873,8181,-162,-587
1,874,8191,-153,-586
1,875,8187,-150,-590
1,876,8183,-151,-596
1,877,8184,-155,-601
1,878,8178,-144,-602
1,879,8194,-131,-615
1,880,8196,-140,-623
1,881,8191,-136,-615
1,882,8193,-137,-626
1,883,8203,-152,-624
1,884,8187,-145,-621
1,885,8173,-143,-612
1,886,8174,-150,-607
1,887,8168,-146,-583
1,888,8183,-158,-584
1,889,8176,-146,-599
1,890,8161,-155,-586
1,891,8168,-155,-585
1,892,8175,-151,-590
1,893,8170,-141,-579
1,894,8188,-151,-582
1,895,8187,-152,-578
1,896,8188,-164,-597
1,897,8180,-161,-587
1,898,8181,-171,-614
1,899,8187,-158,-625
1,900,8179,-149,-602
1,901,8180,-150,-606
1,902,8199,-133,-603
1,903,8201,-147,-615
1,904,8206,-151,-601
1,905,8195,-159,-594
1,906,8181,-156,-598
1,907,8183,-157,-582
1,908,8201,-148,-615
1,909,8211,-146,-619
1,910,8205,-159,-604
1,911,8196,-148,-594
1,912,8186,-138,-599
1,913,8197,-151,-616
1,914,8207,-152,-608
1,915,8198,-151,-607
1,916,8189,-159,-589
1,917,8183,-158,-601
1,918,8190,-157,-601
1,919,8179,-165,-595
1,920,8171,-160,-599
1,921,8182,-170,-614
1,922,8191,-153,-602
1,923,8194,-137,-594
1,924,8191,-147,-629
1,925,8194,-153,-611
1,926,8185,-151,-598
1,927,8195,-151,-606
1,928,8208,-153,-614
1,929,8200,-150,-610
1,930,8186,-144,-618
1,931,8188,-152,-613
1,932,8180,-148,-600
1,933,8188,-137,-600
1,934,8199,-134,-601
1,935,8195,-144,-586
1,936,8200,-146,-594
1,937,8202,-151,-601
1,938,8196,-153,-589
1,939,8195,-157,-580
1,940,8187,-150,-584
1,941,8186,-155,-607
1,942,8174,-147,-618
1,943,8171,-157,-605
1,944,8189,-148,-607
1,945,8197,-150,-601
1,946,8205,-149,-586
1,947,8214,-144,-593
1,948,8215,-153,-595
1,949,8197,-154,-604
1,950,8197,-161,-596
1,951,8199,-156,-604
1,952,8190,-155,-603
1,953,8181,-147,-611
1,954,8181,-151,-615
1,955,8182,-149,-606
1,956,8175,-155,-601
1,957,8184,-149,-598
1,958,8181,-135,-610
1,959,8194,-143,-602
1,960,8204,-137,-597
1,961,8195,-141,-611
1,962,8193,-146,-618
1,963,8187,-147,-609
1,964,8197,-139,-583
1,965,8196,-151,-596
1,966,8201,-162,-627
1,967,8198,-159,-615
1,968,8201,-157,-602
1,969,8198,-159,-601
1,970,8187,-147,-595
1,971,8186,-155,-608
1,972,8190,-153,-615
1,973,8193,-138,-616
1,974,8189,-156,-604
1,975,8186,-161,-599
1,976,8169,-136,-611
1,977,8199,-149,-624
1,978,8181,-153,-621
1,979,8193,-155,-603
1,980,8190,-149,-605
1,981,8185,-155,-623
1,982,8185,-154,-623
1,983,8174,-154,-605
1,984,8195,-159,-588
1,985,8200,-171,-583
1,986,8198,-163,-612
1,987,8189,-151,-616
1,988,8188,-152,-618
1,989,8191,-157,-646
1,990,8178,-137,-627
1,991,8183,-141,-604
1,992,8175,-141,-592
1,993,8175,-147,-588
1,994,8178,-159,-594
1,995,8179,-162,-591
1,996,8173,-155,-602
1,997,8186,-159,-609
1,998,8192,-154,-600
1,999,8200,-139,-616
1,1000,8193,-138,-614
1,1001,8202,-140,-611
1,1002,8201,-150,-610
1,1003,8185,-149,-607
1,1004,8197,-154,-620
1,1005,8200,-155,-625
1,1006,8200,-148,-612
1,1007,8200,-155,-609
1,1008,8198,-156,-594
1,1009,8196,-155,-586
1,1010,8202,-148,-592
1,1011,8200,-152,-587
1,1012,8196,-155,-588
1,1013,8198,-148,-604
1,1014,8193,-156,-601
1,1015,8189,-159,-605
1,1016,8184,-158,-581
1,1017,8187,-152,-599
1,1018,8197,-152,-614
1,1019,8192,-155,-611
1,1020,8185,-155,-603
1,1021,8192,-152,-611
1,1022,8196,-144,-595
1,1023,8192,-152,-602
1,1024,8192,-155,-590
1,1025,8190,-154,-591
1,1026,8187,-151,-597
1,1027,8165,-148,-595
1,1028,8178,-150,-598
1,1029,8187,-151,-593
1,1030,8190,-147,-588
1,1031,8196,-145,-582
1,1032,8189,-151,-578
1,1033,8185,-156,-593
1,1034,8175,-160,-598
1,1035,8175,-163,-588
1,1036,8175,-161,-594
1,1037,8168,-149,-599
1,1038,8179,-136,-619
1,1039,8186,-129,-625
1,1040,8197,-144,-620
1,1041,8195,-145,-592
1,1042,8200,-149,-592
1,1043,8194,-147,-587
1,1044,8192,-166,-586
1,1045,8196,-167,-590
1,1046,8196,-158,-605
1,1047,8195,-164,-595
1,1048,8191,-167,-581
1,1049,8179,-158,-589
1,1050,8180,-149,-591
1,1051,8176,-151,-588
1,1052,8176,-144,-577
1,1053,8171,-145,-590
1,1054,8181,-155,-585
1,1055,8186,-152,-577
1,1056,8194,-151,-583
1,1057,8192,-144,-605
1,1058,8186,-159,-601
1,1059,8183,-153,-625
1,1060,8176,-156,-613
1,1061,8189,-169,-606
1,1062,8188,-153,-608
1,1063,8186,-152,-609
1,1064,8180,-150,-610
1,1065,8200,-153,-611
1,1066,8202,-167,-591
1,1067,8200,-172,-584
1,1068,8194,-164,-588
1,1069,8186,-162,-585
1,1070,8189,-157,-584
1,1071,8177,-153,-615
1,1072,8188,-161,-606
1,1073,8192,-163,-603
1,1074,8184,-148,-604
1,1075,8171,-142,-602
1,1076,8186,-143,-582
1,1077,8184,-153,-588
1,1078,8195,-155,-603
1,1079,8191,-157,-609
1,1080,8195,-149,-624
1,1081,8199,-151,-605
1,1082,8190,-152,-606
1,1083,8192,-159,-612
1,1084,8195,-166,-601
1,1085,8196,-171,-607
1,1086,8193,-163,-612
1,1087,8198,-157,-598
1,1088,8210,-160,-582
1,1089,8202,-151,-583
1,1090,8193,-144,-594
1,1091,8193,-138,-596
1,1092,8192,-138,-584
1,1093,8198,-143,-597
1,1094,8196,-156,-603
1,1095,8184,-166,-603
1,1096,8191,-173,-590
1,1097,8192,-170,-573
1,1098,8195,-146,-575
1,1099,8200,-147,-590
1,1100,8196,-152,-599
1,1101,8189,-144,-581
1,1102,8193,-156,-586
1,1103,8190,-155,-586
1,1104,8194,-154,-598
1,1105,8182,-161,-596
1,1106,8182,-152,-596
1,1107,8178,-155,-596
1,1108,8172,-150,-577
1,1109,8180,-156,-583
1,1110,8171,-165,-594
1,1111,8176,-169,-594
1,1112,8184,-163,-593
1,1113,8192,-167,-594
1,1114,8204,-155,-575
1,1115,8189,-158,-575
1,1116,8189,-157,-577
1,1117,8190,-157,-602
1,1118,8194,-156,-607
1,1119,8181,-152,-614
1,1120,8182,-150,-606
1,1121,8193,-162,-613
1,1122,8193,-151,-612
1,1123,8196,-161,-612
1,1124,8191,-166,-597
1,1125,8202,-173,-609
1,1126,8213,-173,-590
1,1127,8205,-165,-585
1,1128,8194,-163,-582
1,1129,8194,-168,-583
1,1130,8190,-170,-582
1,1131,8190,-168,-611
1,1132,8188,-154,-620
1,1133,8184,-152,-617
1,1134,8186,-164,-618
1,1135,8190,-153,-620
1,1136,8198,-148,-618
1,1137,8197,-151,-612
1,1138,8201,-148,-609
1,1139,8199,-159,-625
1,1140,8189,-158,-613
1,1141,8185,-168,-606
1,1142,8172,-164,-608
1,1143,8174,-170,-616
1,1144,8190,-157,-607
1,1145,8195,-167,-600
1,1146,8191,-166,-602
1,1147,8196,-157,-607
1,1148,8200,-155,-592
1,1149,8206,-160,-605
1,1150,8187,-152,-610
1,1151,8181,-153,-609
1,1152,8185,-161,-614
1,1153,8193,-158,-609
1,1154,8183,-160,-592
1,1155,8175,-154,-593
1,1156,8180,-126,-610
1,1157,8190,-140,-628
1,1158,8189,-152,-611
1,1159,8184,-157,-604
1,1160,8185,-157,-588
1,1161,8188,-151,-575
1,1162,8184,-153,-583
1,1163,8182,-156,-598
1,1164,8189,-158,-597
1,1165,8184,-155,-600
1,1166,8187,-144,-614
1,1167,8192,-154,-619
1,1168,8193,-173,-615
1,1169,8186,-167,-622
1,1170,8187,-180,-619
1,1171,8190,-161,-610
1,1172,8196,-155,-610
1,1173,8194,-159,-607
1,1174,8186,-160,-598
1,1175,8169,-164,-596
1,1176,8174,-176,-583
1,1177,8191,-170,-586
1,1178,8190,-165,-597
1,1179,8191,-158,-584
1,1180,8181,-171,-577
1,1181,8180,-166,-578
1,1182,8181,-169,-576
1,1183,8178,-159,-586
1,1184,8184,-148,-590
1,1185,8188,-147,-607
1,1186,8180,-165,-603
1,1187,8180,-164,-610
1,1188,8190,-148,-622
1,1189,8175,-157,-628
1,1190,8171,-151,-625
1,1191,8182,-158,-629
1,1192,8191,-159,-610
1,1193,8180,-156,-601
1,1194,8180,-161,-599
1,1195,8178,-170,-598
1,1196,8173,-166,-607
1,1197,8172,-167,-599
1,1198,8177,-159,-581
1,1199,8173,-160,-609
1,1200,8178,-165,-601
1,1201,8177,-166,-596
1,1202,8182,-164,-597
1,1203,8192,-157,-614
1,1204,8189,-162,-613
1,1205,8186,-163,-589
1,1206,8188,-167,-593
1,1207,8201,-164,-600
1,1208,8190,-160,-615
1,1209,8184,-151,-620
1,1210,8189,-154,-620
1,1211,8200,-147,-611
1,1212,8209,-151,-594
1,1213,8207,-152,-595
1,1214,8197,-156,-618
1,1215,8189,-151,-619
1,1216,8192,-159,-613
1,1217,8194,-161,-582
1,1218,8176,-172,-584
1,1219,8180,-166,-594
1,1220,8183,-156,-588
1,1221,8192,-160,-602
1,1222,8183,-154,-605
1,1223,8176,-154,-597
1,1224,8174,-152,-592
1,1225,8172,-161,-607
1,1226,8181,-165,-622
1,1227,8182,-157,-632
1,1228,8171,-156,-631
1,1229,8178,-146,-618
1,1230,8196,-149,-601
1,1231,8206,-155,-607
1,1232,8193,-154,-605
1,1233,8181,-153,-606
1,1234,8186,-148,-599
1,1235,8196,-144,-591
1,1236,8214,-152,-595
1,1237,8216,-169,-597
1,1238,8203,-160,-607
1,1239,8202,-178,-612
1,1240,8212,-174,-603
1,1241,8196,-170,-587
1,1242,8195,-168,-608
1,1243,8206,-168,-623
1,1244,8199,-171,-624
1,1245,8197,-166,-622
1,1246,8186,-171,-617
1,1247,8189,-174,-610
1,1248,8190,-168,-613
1,1249,8191,-177,-622
1,1250,8186,-173,-603
1,1251,8191,-165,-598
1,1252,8188,-151,-607
1,1253,8191,-146,-596
1,1254,8177,-150,-584
1,1255,8168,-149,-591
1,1256,8175,-158,-591
1,1257,8189,-166,-589
1,1258,8199,-156,-605
1,1259,8202,-158,-607
1,1260,8197,-163,-611
1,1261,8196,-164,-615
1,1262,8185,-175,-621
1,1263,8186,-166,-613
1,1264,8177,-149,-601
1,1265,8181,-143,-620
1,1266,8191,-145,-617
1,1267,8196,-137,-614
1,1268,8180,-140,-606
1,1269,8177,-149,-594
1,1270,8180,-158,-604
1,1271,8183,-154,-616
1,1272,8177,-164,-610
1,1273,8172,-155,-611
1,1274,8165,-147,-615
1,1275,8180,-148,-622
1,1276,8189,-144,-616
1,1277,8200,-159,-626
1,1278,8202,-167,-627
1,1279,8189,-178,-629
1,1280,8179,-164,-610
1,1281,8186,-160,-590
1,1282,8185,-164,-588
1,1283,8177,-153,-597
1,1284,8171,-156,-614
1,1285,8169,-158,-606
1,1286,8177,-153,-624
1,1287,8189,-149,-607
1,1288,8189,-149,-591
1,1289,8193,-153,-585
1,1290,8198,-160,-600
1,1291,8201,-166,-601
1,1292,8194,-154,-620
1,1293,8196,-161,-629
1,1294,8197,-159,-606
1,1295,8202,-170,-599
1,1296,8206,-175,-599
1,1297,8199,-172,-602
1,1298,8196,-167,-588
1,1299,8187,-163,-595
1,1300,8177,-154,-612
1,1301,8171,-142,-607
1,1302,8190,-153,-604
1,1303,8187,-156,-600
1,1304,8192,-154,-615
1,1305,8193,-154,-611
1,1306,8193,-169,-614
1,1307,8194,-167,-620
1,1308,8187,-170,-621
1,1309,8187,-173,-610
1,1310,8195,-164,-601
1,1311,8201,-155,-570
1,1312,8190,-167,-564
1,1313,8199,-162,-594
1,1314,8189,-151,-607
1,1315,8183,-154,-598
1,1316,8180,-158,-588
1,1317,8189,-154,-590
1,1318,8188,-157,-606
1,1319,8191,-147,-592
1,1320,8186,-165,-590
1,1321,8185,-150,-606
1,1322,8187,-139,-608
1,1323,8197,-147,-622
1,1324,8192,-161,-617
1,1325,8195,-160,-608
1,1326,8205,-158,-622
1,1327,8193,-159,-598
1,1328,8191,-138,-587
1,1329,8186,-132,-600
1,1330,8179,-142,-603
1,1331,8173,-150,-613
1,1332,8171,-156,-617
1,1333,8178,-163,-606
1,1334,8179,-152,-585
1,1335,8180,-141,-607
1,1336,8189,-152,-615
1,1337,8204,-154,-624
1,1338,8207,-149,-613
1,1339,8201,-162,-609
1,1340,8199,-161,-612
1,1341,8196,-161,-593
1,1342,8197,-159,-601
1,1343,8190,-167,-587
1,1344,8187,-169,-583
1,1345,8182,-169,-584
1,1346,8178,-159,-588
1,1347,8183,-155,-588
1,1348,8202,-159,-595
1,1349,8200,-154,-613
1,1350,8203,-156,-615
1,1351,8196,-142,-605
1,1352,8203,-136,-593
1,1353,8198,-138,-591
1,1354,8196,-142,-598
1,1355,8182,-153,-595
1,1356,8174,-153,-604
1,1357,8191,-150,-618
1,1358,8206,-158,-616
1,1359,8201,-166,-617
1,1360,8197,-164,-604
1,1361,8195,-162,-594
1,1362,8209,-165,-604
1,1363,8197,-169,-612
1,1364,8186,-158,-613
1,1365,8177,-167,-601
1,1366,8182,-164,-594
1,1367,8180,-171,-590
1,1368,8174,-164,-590
1,1369,8176,-160,-591
1,1370,8180,-162,-602
1,1371,8187,-167,-627
1,1372,8194,-164,-623
1,1373,8202,-163,-623
1,1374,8191,-168,-592
1,1375,8189,-160,-592
1,1376,8196,-153,-597
1,1377,8190,-148,-602
1,1378,8189,-162,-605
1,1379,8190,-159,-612
1,1380,8183,-144,-611
1,1381,8178,-151,-612
1,1382,8190,-150,-605
1,1383,8205,-153,-610
1,1384,8208,-154,-614
1,1385,8191,-152,-598
1,1386,8177,-161,-598
1,1387,8175,-161,-585
1,1388,8181,-161,-588
1,1389,8192,-164,-583
1,1390,8185,-158,-602
1,1391,8186,-162,-604
1,1392,8182,-163,-583
1,1393,8179,-167,-574
1,1394,8183,-156,-585
1,1395,8193,-156,-596
1,1396,8192,-152,-602
1,1397,8190,-153,-599
1,1398,8183,-150,-606
1,1399,8169,-152,-607
1,1400,8170,-157,-593
1,1401,8182,-157,-605
1,1402,8190,-149,-611
1,1403,8193,-154,-613
1,1404,8195,-149,-613
1,1405,8200,-155,-608
1,1406,8193,-154,-603
1,1407,8197,-160,-606
1,1408,8209,-153,-596
1,1409,8204,-152,-582
1,1410,8203,-149,-613
1,1411,8191,-152,-612
1,1412,8192,-143,-610
1,1413,8199,-149,-592
1,1414,8187,-152,-593
1,1415,8200,-154,-605
1,1416,8212,-159,-594
1,1417,8215,-156,-591
1,1418,8205,-156,-598
1,1419,8208,-160,-609
1,1420,8215,-161,-609
1,1421,8206,-166,-608
1,1422,8181,-165,-620
1,1423,8179,-164,-619
1,1424,8165,-150,-589
1,1425,8172,-151,-593
1,1426,8173,-160,-584
1,1427,8177,-160,-608
1,1428,8177,-149,-616
1,1429,8176,-167,-622
1,1430,8189,-169,-620
1,1431,8190,-167,-612
1,1432,8186,-170,-611
1,1433,8189,-162,-603
1,1434,8187,-171,-605
1,1435,8191,-174,-603
1,1436,8189,-162,-624
1,1437,8189,-153,-603
1,1438,8175,-157,-594
1,1439,8176,-161,-605
1,1440,8182,-157,-611
1,1441,8194,-159,-618
1,1442,8173,-171,-616
1,1443,8171,-166,-596
1,1444,8179,-162,-597
1,1445,8184,-159,-596
1,1446,8184,-144,-613
1,1447,8201,-154,-608
1,1448,8197,-141,-614
1,1449,8174,-147,-614
1,1450,8162,-151,-618
1,1451,8170,-145,-630
1,1452,8179,-148,-628
1,1453,8181,-152,-600
1,1454,8170,-159,-605
1,1455,8170,-149,-593
1,1456,8190,-151,-572
1,1457,8186,-157,-564
1,1458,8181,-158,-575
1,1459,8187,-159,-561
1,1460,8184,-163,-579
1,1461,8190,-165,-593
1,1462,8184,-145,-600
1,1463,8182,-144,-603
1,1464,8179,-150,-606
1,1465,8185,-157,-613
1,1466,8200,-162,-613
1,1467,8196,-158,-614
1,1468,8187,-157,-611
1,1469,8189,-155,-610
1,1470,8188,-156,-603
1,1471,8200,-154,-601
1,1472,8197,-157,-591
1,1473,8187,-164,-600
1,1474,8187,-156,-606
1,1475,8193,-161,-595
1,1476,8194,-170,-587
1,1477,8196,-169,-613
1,1478,8186,-166,-615
1,1479,8189,-160,-615
1,1480,8198,-162,-611
1,1481,8197,-161,-615
1,1482,8193,-156,-606
1,1483,8197,-163,-611
1,1484,8205,-166,-624
1,1485,8202,-164,-616
1,1486,8195,-164,-606
1,1487,8199,-159,-610
1,1488,8186,-156,-606
1,1489,8170,-159,-612
1,1490,8175,-161,-606
1,1491,8178,-144,-608
1,1492,8182,-151,-614
1,1493,8180,-152,-612
1,1494,8184,-166,-609
1,1495,8192,-154,-608
1,1496,8197,-144,-630
1,1497,8210,-148,-633
1,1498,8200,-156,-621
1,1499,8196,-158,-615
1,1500,8195,-152,-600
1,1501,8188,-142,-602
1,1502,8182,-152,-607
1,1503,8182,-162,-611
1,1504,8175,-147,-602
1,1505,8201,-146,-600
1,1506,8217,-149,-600
1,1507,8223,-149,-590
1,1508,8200,-149,-588
1,1509,8182,-144,-600
1,1510,8183,-152,-602
1,1511,8184,-153,-604
1,1512,8174,-165,-608
1,1513,8189,-166,-588
1,1514,8184,-141,-588
1,1515,8198,-145,-572
1,1516,8200,-162,-575
1,1517,8193,-156,-568
1,1518,8193,-141,-586
1,1519,8186,-147,-577
1,1520,8188,-151,-600
1,1521,8189,-157,-605
1,1522,8181,-165,-595
1,1523,8206,-165,-600
1,1524,8196,-163,-622
1,1525,8191,-158,-606
1,1526,8196,-166,-590
1,1527,8196,-157,-582
1,1528,8202,-163,-573
1,1529,8205,-167,-589
1,1530,8195,-163,-585
1,1531,8201,-157,-601
1,1532,8197,-152,-617
1,1533,8197,-155,-585
1,1534,8189,-167,-602
1,1535,8183,-175,-607
1,1536,8186,-173,-602
1,1537,8185,-172,-607
1,1538,8192,-161,-597
1,1539,8194,-158,-588
1,1540,8199,-161,-605
1,1541,8188,-157,-602
1,1542,8181,-159,-614
1,1543,8187,-164,-618
1,1544,8190,-158,-611
1,1545,8208,-152,-609
1,1546,8211,-147,-593
1,1547,8207,-145,-603
1,1548,8203,-146,-603
1,1549,8199,-141,-608
1,1550,8191,-133,-597
1,1551,8191,-136,-603
1,1552,8197,-146,-603
1,1553,8171,-135,-598
1,1554,8179,-151,-599
1,1555,8171,-153,-602
1,1556,8176,-149,-627
1,1557,8179,-142,-615
1,1558,8181,-145,-600
1,1559,8185,-149,-596
1,1560,8187,-150,-590
1,1561,8194,-141,-574
1,1562,8184,-155,-579
1,1563,8179,-155,-596
1,1564,8182,-153,-595
1,1565,8196,-162,-588
1,1566,8181,-142,-608
1,1567,8181,-140,-617
1,1568,8195,-165,-601
1,1569,8183,-150,-600
1,1570,8181,-158,-619
1,1571,8169,-166,-619
1,1572,8179,-164,-608
1,1573,8183,-160,-615
1,1574,8188,-159,-595
1,1575,8185,-164,-604
1,1576,8186,-167,-616
1,1577,8188,-157,-621
1,1578,8189,-140,-616
1,1579,8188,-147,-624
1,1580,8187,-162,-634
1,1581,8177,-158,-629
1,1582,8173,-169,-618
1,1583,8194,-166,-619
1,1584,8194,-168,-621
1,1585,8189,-162,-614
1,1586,8184,-151,-590
1,1587,8174,-153,-585
1,1588,8186,-155,-599
1,1589,8189,-153,-600
1,1590,8186,-154,-594
1,1591,8198,-146,-587
1,1592,8188,-145,-589
1,1593,8179,-153,-585
1,1594,8190,-156,-597
1,1595,8187,-161,-611
1,1596,8188,-163,-616
1,1597,8186,-161,-598
1,1598,8197,-162,-606
1,1599,8194,-156,-613
1,1600,8184,-154,-614
1,1601,8190,-145,-588
1,1602,8196,-151,-605
1,1603,8203,-157,-619
1,1604,8206,-171,-625
1,1605,8211,-156,-619
1,1606,8198,-166,-603
1,1607,8187,-170,-613
1,1608,8188,-179,-626
1,1609,8195,-177,-617
1,1610,8196,-165,-627
1,1611,8189,-166,-617
1,1612,8186,-161,-601
1,1613,8181,-167,-615
1,1614,8188,-163,-600
1,1615,8185,-152,-598
1,1616,8184,-158,-585
1,1617,8192,-151,-585
1,1618,8195,-149,-602
1,1619,8195,-160,-618
1,1620,8197,-152,-635
1,1621,8201,-167,-637
1,1622,8195,-156,-627
1,1623,8190,-150,-630
1,1624,8191,-153,-617
1,1625,8190,-159,-612
1,1626,8190,-171,-610
1,1627,8201,-164,-607
1,1628,8193,-163,-614
1,1629,8179,-148,-607
1,1630,8190,-139,-605
1,1631,8190,-152,-602
1,1632,8191,-160,-610
1,1633,8192,-161,-609
1,1634,8200,-148,-601
1,1635,8187,-140,-587
1,1636,8187,-130,-590
1,1637,8200,-131,-593
1,1638,8188,-143,-595
1,1639,8186,-147,-600
1,1640,8185,-152,-610
1,1641,8190,-148,-624
1,1642,8193,-144,-619
1,1643,8199,-154,-609
1,1644,8202,-160,-604
1,1645,8197,-153,-602
1,1646,8192,-152,-598
1,1647,8197,-144,-605
1,1648,8180,-149,-613
1,1649,8183,-162,-610
1,1650,8182,-158,-589
1,1651,8187,-144,-574
1,1652,8184,-160,-590
1,1653,8181,-168,-620
1,1654,8178,-163,-605
1,1655,8197,-161,-596
1,1656,8202,-165,-606
1,1657,8211,-158,-614
1,1658,8206,-152,-590
1,1659,8203,-147,-583
1,1660,8207,-137,-602
1,1661,8207,-136,-612
1,1662,8198,-144,-607
1,1663,8205,-143,-584
1,1664,8193,-143,-589
1,1665,8194,-146,-608
1,1666,8182,-148,-610
1,1667,8181,-160,-621
1,1668,8185,-162,-622
1,1669,8195,-166,-614
1,1670,8190,-153,-613
1,1671,8186,-139,-622
1,1672,8187,-147,-616
1,1673,8183,-155,-611
1,1674,8196,-153,-614
1,1675,8197,-156,-619
1,1676,8192,-152,-619
1,1677,8189,-152,-613
1,1678,8197,-146,-613
1,1679,8207,-146,-623
1,1680,8201,-158,-629
1,1681,8202,-149,-618
1,1682,8182,-147,-609
1,1683,8188,-153,-605
1,1684,8195,-165,-609
1,1685,8191,-156,-596
1,1686,8189,-161,-593
1,1687,8204,-161,-580
1,1688,8194,-158,-581
1,1689,8195,-159,-594
1,1690,8196,-158,-588
1,1691,8188,-157,-594
1,1692,8188,-157,-600
1,1693,8191,-165,-595
1,1694,8187,-169,-579
1,1695,8183,-177,-592
1,1696,8190,-175,-587
1,1697,8204,-177,-590
1,1698,8205,-174,-584
1,1699,8194,-172,-583
1,1700,8200,-170,-603
1,1701,8181,-158,-616
1,1702,8179,-154,-604
1,1703,8189,-149,-605
1,1704,8200,-159,-609
1,1705,8204,-154,-606
1,1706,8189,-145,-616
1,1707,8182,-154,-616
1,1708,8181,-147,-596
1,1709,8188,-146,-596
1,1710,8178,-164,-595
1,1711,8186,-136,-600
1,1712,8195,-131,-612
1,1713,8198,-126,-594
1,1714,8179,-151,-587
1,1715,8173,-155,-598
1,1716,8176,-160,-606
1,1717,8186,-154,-605
1,1718,8175,-147,-605
1,1719,8186,-130,-608
1,1720,8181,-134,-604
1,1721,8178,-144,-593
1,1722,8187,-151,-609
1,1723,8190,-142,-615
1,1724,8198,-139,-613
1,1725,8194,-130,-607
1,1726,8204,-141,-596
1,1727,8193,-143,-596
1,1728,8173,-171,-586
1,1729,8172,-178,-614
1,1730,8186,-157,-602
1,1731,8175,-154,-599
1,1732,8190,-150,-591
1,1733,8193,-160,-602
1,1734,8202,-158,-607
1,1735,8208,-152,-617
1,1736,8211,-144,-608
1,1737,8205,-145,-599
1,1738,8198,-150,-594
1,1739,8187,-144,-587
1,1740,8183,-139,-583
1,1741,8195,-146,-609
1,1742,8195,-143,-612
1,1743,8191,-143,-606
1,1744,8188,-152,-583
1,1745,8189,-155,-601
1,1746,8190,-157,-614
1,1747,8183,-158,-617
1,1748,8173,-135,-615
1,1749,8172,-142,-595
1,1750,8175,-153,-599
1,1751,8186,-162,-616
1,1752,8180,-160,-628
1,1753,8198,-173,-612
1,1754,8195,-181,-603
1,1755,8204,-176,-602
1,1756,8198,-174,-602
1,1757,8192,-171,-613
1,1758,8194,-178,-592
1,1759,8192,-163,-582
1,1760,8191,-161,-580
1,1761,8193,-149,-591
1,1762,8183,-153,-607
1,1763,8180,-159,-609
1,1764,8183,-159,-595
1,1765,8179,-154,-582
1,1766,8188,-157,-586
1,1767,8192,-159,-589
1,1768,8200,-167,-599
1,1769,8196,-162,-604
1,1770,8195,-158,-605
1,1771,8192,-152,-594
1,1772,8185,-148,-587
1,1773,8192,-148,-592
1,1774,8198,-149,-576
1,1775,8192,-149,-583
1,1776,8182,-138,-589
1,1777,8193,-132,-596
1,1778,8200,-135,-593
1,1779,8191,-143,-606
1,1780,8173,-147,-594
1,1781,8170,-151,-605
1,1782,8182,-144,-586
1,1783,8186,-141,-594
1,1784,8185,-141,-600
1,1785,8176,-152,-596
1,1786,8179,-159,-597
1,1787,8186,-161,-584
1,1788,8178,-151,-577
1,1789,8185,-150,-591
1,1790,8191,-153,-602
1,1791,8188,-152,-597
1,1792,8184,-153,-584
1,1793,8178,-156,-592
1,1794,8191,-145,-601
1,1795,8185,-151,-574
1,1796,8191,-145,-581
1,1797,8193,-146,-613
1,1798,8187,-157,-617
1,1799,8195,-154,-618
1,1800,8195,-150,-623
1,1801,8186,-156,-608
1,1802,8182,-160,-620
1,1803,8186,-147,-618
1,1804,8194,-152,-609
1,1805,8184,-146,-602
1,1806,8177,-148,-613
1,1807,8189,-150,-612
1,1808,8188,-156,-612
1,1809,8181,-161,-618
1,1810,8181,-169,-611
1,1811,8182,-167,-599
1,1812,8190,-149,-612
1,1813,8187,-145,-614
1,1814,8193,-148,-588
1,1815,8196,-148,-575
1,1816,8190,-152,-585
1,1817,8191,-154,-594
1,1818,8174,-152,-600
1,1819,8189,-148,-600
1,1820,8180,-146,-602
1,1821,8186,-139,-594
1,1822,8181,-137,-593
1,1823,8192,-122,-606
1,1824,8197,-134,-609
1,1825,8194,-135,-602
1,1826,8197,-128,-608
1,1827,8200,-138,-607
1,1828,8194,-126,-588
1,1829,8188,-134,-587
1,1830,8190,-137,-603
1,1831,8195,-134,-613
1,1832,8197,-133,-623
1,1833,8196,-152,-624
1,1834,8185,-146,-595
1,1835,8169,-152,-589
1,1836,8170,-148,-613
1,1837,8175,-170,-623
1,1838,8179,-161,-631
1,1839,8182,-165,-632
1,1840,8188,-157,-618
1,1841,8187,-156,-613
1,1842,8187,-159,-608
1,1843,8186,-168,-617
1,1844,8182,-156,-625
1,1845,8179,-150,-627
1,1846,8176,-151,-638
1,1847,8180,-155,-621
1,1848,8184,-161,-621
1,1849,8172,-174,-615
1,1850,8169,-180,-608
1,1851,8175,-164,-598
1,1852,8186,-157,-604
1,1853,8183,-166,-607
1,1854,8186,-150,-624
1,1855,8181,-153,-612
1,1856,8193,-162,-606
1,1857,8179,-158,-596
1,1858,8178,-160,-591
1,1859,8185,-157,-586
1,1860,8190,-168,-581
1,1861,8190,-174,-582
1,1862,8190,-169,-604
1,1863,8197,-175,-617
1,1864,8191,-162,-612
1,1865,8192,-162,-607
1,1866,8190,-168,-610
1,1867,8184,-161,-612
1,1868,8175,-154,-599
1,1869,8185,-166,-604
1,1870,8191,-163,-600
1,1871,8201,-170,-584
1,1872,8212,-172,-590
1,1873,8207,-175,-590
1,1874,8206,-174,-592
1,1875,8197,-173,-591
1,1876,8196,-164,-581
1,1877,8200,-163,-585
1,1878,8196,-173,-583
1,1879,8186,-169,-602
1,1880,8192,-160,-613
1,1881,8193,-145,-607
1,1882,8180,-148,-587
1,1883,8189,-149,-589
1,1884,8186,-155,-603
1,1885,8179,-151,-614
1,1886,8189,-149,-612
1,1887,8192,-148,-613
1,1888,8190,-142,-614
1,1889,8182,-144,-600
1,1890,8178,-141,-599
1,1891,8187,-143,-587
1,1892,8193,-146,-593
1,1893,8191,-157,-604
1,1894,8198,-154,-614
1,1895,8193,-142,-600
1,1896,8188,-145,-624
1,1897,8179,-163,-629
1,1898,8183,-158,-615
1,1899,8190,-163,-607
1,1900,8195,-154,-602
1,1901,8195,-157,-614
1,1902,8183,-159,-603
1,1903,8174,-151,-612
1,1904,8177,-150,-624
1,1905,8184,-149,-591
1,1906,8186,-153,-575
1,1907,8190,-155,-570
1,1908,8191,-151,-590
1,1909,8186,-157,-591
1,1910,8188,-172,-590
1,1911,8181,-176,-596
1,1912,8184,-174,-599
1,1913,8195,-175,-592
1,1914,8195,-170,-586
1,1915,8187,-153,-588
1,1916,8190,-157,-590
1,1917,8192,-149,-590
1,1918,8189,-160,-600
1,1919,8192,-164,-606
1,1920,8197,-168,-602
1,1921,8184,-159,-592
1,1922,8182,-161,-591
1,1923,8183,-166,-576
1,1924,8179,-174,-605
1,1925,8184,-170,-615
1,1926,8185,-143,-619
1,1927,8178,-147,-621
1,1928,8175,-156,-619
1,1929,8177,-152,-622
1,1930,8181,-157,-619
1,1931,8186,-157,-619
1,1932,8193,-166,-605
1,1933,8187,-162,-584
1,1934,8181,-162,-585
1,1935,8184,-162,-594
1,1936,8190,-152,-576
1,1937,8192,-138,-583
1,1938,8204,-140,-589
1,1939,8202,-142,-593
1,1940,8196,-145,-598
1,1941,8192,-163,-592
1,1942,8183,-166,-606
1,1943,8193,-153,-608
1,1944,8188,-145,-601
1,1945,8170,-150,-599
1,1946,8178,-132,-593
1,1947,8186,-139,-596
1,1948,8197,-154,-606
1,1949,8191,-151,-599
1,1950,8187,-156,-619
1,1951,8188,-171,-624
1,1952,8191,-176,-618
1,1953,8201,-176,-605
1,1954,8192,-177,-605
1,1955,8185,-155,-611
1,1956,8185,-149,-604
1,1957,8197,-152,-609
1,1958,8182,-156,-620
1,1959,8191,-162,-612
1,1960,8192,-167,-587
1,1961,8191,-151,-591
1,1962,8194,-149,-596
1,1963,8195,-154,-611
1,1964,8199,-154,-612
1,1965,8205,-152,-599
1,1966,8189,-162,-595
1,1967,8180,-159,-577
1,1968,8187,-166,-597
1,1969,8190,-164,-606
1,1970,8197,-169,-620
1,1971,8184,-162,-624
1,1972,8182,-157,-634
1,1973,8182,-161,-595
1,1974,8184,-172,-586
1,1975,8193,-167,-602
1,1976,8196,-159,-610
1,1977,8186,-163,-610
1,1978,8176,-168,-612
1,1979,8185,-168,-623
1,1980,8191,-163,-598
1,1981,8188,-165,-588
1,1982,8187,-158,-584
1,1983,8191,-148,-600
1,1984,8196,-158,-601
1,1985,8184,-164,-612
1,1986,8193,-162,-629
1,1987,8186,-162,-605
1,1988,8196,-158,-610
1,1989,8190,-152,-611
1,1990,8189,-150,-613
1,1991,8183,-152,-603
1,1992,8190,-154,-602
1,1993,8187,-156,-612
1,1994,8176,-157,-616
1,1995,8178,-156,-610
1,1996,8188,-158,-600
1,1997,8192,-151,-571
1,1998,8197,-149,-581
1,1999,8192,-149,-586
1,2000,8186,-149,-583
1,2001,8192,-160,-596
1,2002,8205,-158,-594
1,2003,8192,-145,-591
1,2004,8187,-151,-601
1,2005,8190,-161,-621
1,2006,8188,-167,-614
1,2007,8192,-164,-613
1,2008,8193,-150,-618
1,2009,8200,-158,-609
1,2010,8195,-169,-617
1,2011,8200,-165,-612
1,2012,8202,-161,-618
1,2013,8195,-167,-605
1,2014,8185,-164,-610
1,2015,8179,-169,-606
1,2016,8181,-159,-587
1,2017,8178,-144,-593
1,2018,8187,-143,-603
1,2019,8184,-151,-591
1,2020,8188,-156,-584
1,2021,8185,-151,-594
1,2022,8183,-148,-613
1,2023,8195,-140,-620
1,2024,8184,-141,-611
1,2025,8186,-154,-590
1,2026,8201,-162,-593
1,2027,8198,-168,-585
1,2028,8186,-157,-598
1,2029,8175,-162,-597
1,2030,8184,-152,-591
1,2031,8189,-155,-600
1,2032,8192,-165,-606
1,2033,8206,-169,-603
1,2034,8202,-159,-601
1,2035,8196,-157,-584
1,2036,8190,-157,-599
1,2037,8197,-156,-586
1,2038,8205,-156,-593
1,2039,8187,-152,-583
1,2040,8187,-152,-590
1,2041,8187,-141,-606
1,2042,8193,-151,-599
1,2043,8191,-151,-602
1,2044,8200,-157,-606
1,2045,8199,-159,-604
1,2046,8190,-175,-594
1,2047,8182,-165,-574
1,2048,8179,-167,-560
1,2049,8179,-174,-566
1,2050,8190,-174,-574
1,2051,8198,-158,-594
1,2052,8191,-155,-609
1,2053,8185,-160,-607
1,2054,8190,-159,-598
1,2055,8198,-159,-602
1,2056,8196,-152,-604
1,2057,8203,-154,-617
1,2058,8198,-154,-621
1,2059,8206,-153,-640
1,2060,8205,-154,-633
1,2061,8208,-154,-622
1,2062,8197,-160,-616
1,2063,8201,-161,-602
1,2064,8190,-166,-598
1,2065,8194,-157,-587
1,2066,8203,-145,-587
1,2067,8200,-150,-583
1,2068,8195,-147,-583
1,2069,8185,-160,-604
1,2070,8188,-170,-605
1,2071,8191,-164,-614
1,2072,8193,-161,-611
1,2073,8197,-161,-617
1,2074,8186,-159,-606
1,2075,8173,-172,-609
1,2076,8184,-171,-593
1,2077,8184,-169,-597
1,2078,8194,-164,-586
1,2079,8197,-163,-608
1,2080,8201,-167,-615
1,2081,8200,-165,-601
1,2082,8185,-165,-599
1,2083,8190,-161,-600
1,2084,8175,-160,-597
1,2085,8177,-161,-587
1,2086,8176,-166,-576
1,2087,8177,-175,-569
1,2088,8185,-168,-589
1,2089,8197,-164,-587
1,2090,8200,-154,-597
1,2091,8198,-149,-588
1,2092,8200,-144,-586
1,2093,8189,-152,-610
1,2094,8189,-153,-612
1,2095,8181,-150,-592
1,2096,8185,-151,-598
1,2097,8186,-157,-594
1,2098,8186,-153,-604
1,2099,8195,-152,-590
1,2100,8196,-155,-580
1,2101,8198,-156,-573
1,2102,8186,-160,-590
1,2103,8182,-162,-617
1,2104,8188,-149,-615
1,2105,8195,-153,-604
1,2106,8186,-158,-601
1,2107,8199,-161,-618
1,2108,8202,-160,-607
1,2109,8203,-165,-605
1,2110,8183,-164,-619
1,2111,8180,-163,-613
1,2112,8175,-162,-605
1,2113,8190,-168,-600
1,2114,8186,-167,-588
1,2115,8177,-156,-587
1,2116,8180,-160,-592
1,2117,8190,-152,-601
1,2118,8181,-149,-602
1,2119,8178,-156,-604
1,2120,8181,-161,-594
1,2121,8193,-165,-590
1,2122,8188,-173,-572
1,2123,8180,-178,-567
1,2124,8179,-169,-577
1,2125,8182,-176,-584
1,2126,8182,-173,-596
1,2127,8186,-164,-598
1,2128,8201,-157,-601
1,2129,8202,-150,-593
1,2130,8212,-139,-609
1,2131,8201,-156,-601
1,2132,8186,-172,-598
1,2133,8179,-180,-591
1,2134,8198,-167,-590
1,2135,8197,-162,-595
1,2136,8192,-170,-593
1,2137,8184,-167,-598
1,2138,8192,-171,-593
1,2139,8179,-164,-592
1,2140,8181,-161,-601
1,2141,8178,-167,-601
1,2142,8185,-161,-586
1,2143,8193,-153,-590
1,2144,8178,-158,-578
1,2145,8181,-163,-575
1,2146,8183,-162,-591
1,2147,8194,-136,-598
1,2148,8200,-144,-603
1,2149,8198,-156,-611
1,2150,8202,-164,-613
1,2151,8196,-160,-604
1,2152,8201,-148,-616
1,2153,8188,-144,-616
1,2154,8189,-140,-628
1,2155,8187,-129,-628
1,2156,8186,-140,-637
1,2157,8188,-147,-641
1,2158,8174,-138,-623
1,2159,8181,-145,-619
1,2160,8186,-141,-634
1,2161,8184,-151,-613
1,2162,8186,-163,-605
1,2163,8182,-170,-605
1,2164,8181,-175,-606
1,2165,8175,-162,-609
1,2166,8177,-168,-591
1,2167,8173,-173,-591
1,2168,8169,-167,-580
1,2169,8177,-154,-595
1,2170,8187,-149,-604
1,2171,8177,-142,-616
1,2172,8177,-139,-600
1,2173,8176,-153,-600
1,2174,8180,-148,-604
1,2175,8176,-155,-602
1,2176,8172,-157,-612
1,2177,8184,-153,-617
1,2178,8194,-159,-623
1,2179,8190,-161,-606
1,2180,8200,-166,-601
1,2181,8193,-163,-597
1,2182,8195,-162,-590
1,2183,8191,-153,-598
1,2184,8184,-165,-615
1,2185,8175,-159,-607
1,2186,8176,-169,-617
1,2187,8201,-171,-607
1,2188,8194,-164,-602
1,2189,8204,-160,-603
1,2190,8207,-154,-603
1,2191,8201,-154,-616
1,2192,8203,-157,-632
1,2193,8194,-157,-617
1,2194,8185,-153,-607
1,2195,8177,-148,-599
1,2196,8182,-148,-602
1,2197,8188,-144,-608
1,2198,8192,-152,-582
1,2199,8199,-147,-587
1,2200,8190,-150,-602
1,2201,8185,-157,-613
1,2202,8192,-158,-604
1,2203,8185,-153,-616
1,2204,8194,-160,-616
1,2205,8201,-151,-617
1,2206,8198,-145,-617
1,2207,8187,-154,-608
1,2208,8187,-149,-616
1,2209,8180,-153,-595
1,2210,8188,-146,-590
1,2211,8186,-155,-586
1,2212,8192,-149,-587
1,2213,8187,-153,-602
1,2214,8188,-142,-601
1,2215,8193,-155,-614
1,2216,8188,-157,-588
1,2217,8180,-163,-582
1,2218,8175,-169,-582
1,2219,8175,-162,-598
1,2220,8168,-156,-620
1,2221,8173,-169,-622
1,2222,8171,-161,-595
1,2223,8195,-155,-599
1,2224,8194,-147,-599
1,2225,8186,-158,-597
1,2226,8182,-152,-595
1,2227,8179,-149,-567
1,2228,8181,-149,-583
1,2229,8176,-157,-589
1,2230,8181,-150,-599
1,2231,8185,-144,-611
1,2232,8182,-159,-624
1,2233,8176,-162,-608
1,2234,8171,-158,-599
1,2235,8177,-156,-596
1,2236,8180,-152,-597
1,2237,8181,-151,-600
1,2238,8184,-137,-613
1,2239,8185,-136,-604
1,2240,8185,-138,-604
1,2241,8180,-137,-609
1,2242,8171,-133,-612
1,2243,8172,-126,-620
1,2244,8182,-126,-629
1,2245,8180,-133,-620
1,2246,8193,-144,-620
1,2247,8188,-158,-634
1,2248,8195,-160,-625
1,2249,8204,-162,-627
1,2250,8201,-164,-616
1,2251,8182,-173,-610
1,2252,8165,-155,-619
1,2253,8170,-162,-617
1,2254,8184,-160,-628
1,2255,8195,-146,-605
1,2256,8183,-146,-586
1,2257,8187,-151,-587
1,2258,8189,-149,-603
1,2259,8193,-143,-603
1,2260,8188,-146,-593
1,2261,8187,-153,-601
1,2262,8189,-164,-605
1,2263,8184,-156,-607
1,2264,8192,-159,-631
1,2265,8190,-158,-627
1,2266,8184,-150,-632
1,2267,8184,-145,-639
1,2268,8184,-159,-620
1,2269,8188,-155,-606
1,2270,8188,-168,-591
1,2271,8184,-168,-597
1,2272,8179,-156,-616
1,2273,8180,-147,-628
1,2274,8183,-152,-620
1,2275,8202,-152,-631
1,2276,8201,-164,-620
1,2277,8188,-171,-595
1,2278,8185,-156,-602
1,2279,8186,-150,-613
1,2280,8196,-152,-597
1,2281,8186,-156,-597
1,2282,8176,-156,-597
1,2283,8177,-141,-626
1,2284,8179,-144,-621
1,2285,8192,-144,-622
1,2286,8197,-140,-591
1,2287,8195,-160,-600
1,2288,8196,-159,-616
1,2289,8191,-148,-594
1,2290,8184,-149,-606
1,2291,8170,-150,-622
1,2292,8171,-151,-621
1,2293,8180,-163,-620
1,2294,8175,-162,-590
1,2295,8189,-165,-593
1,2296,8182,-148,-600
1,2297,8184,-146,-595
1,2298,8181,-141,-581
1,2299,8184,-149,-579
1,2300,8191,-148,-595
1,2301,8190,-145,-586
1,2302,8184,-152,-592
1,2303,8193,-152,-608
1,2304,8202,-154,-610
1,2305,8198,-160,-599
1,2306,8195,-163,-572
1,2307,8193,-162,-576
1,2308,8172,-151,-577
1,2309,8169,-159,-575
1,2310,8182,-154,-595
1,2311,8186,-162,-604
1,2312,8186,-164,-595
1,2313,8194,-178,-611
1,2314,8198,-183,-607
1,2315,8196,-174,-614
1,2316,8195,-160,-618
1,2317,8203,-146,-609
1,2318,8199,-153,-603
1,2319,8191,-152,-609
1,2320,8203,-147,-597
1,2321,8207,-143,-579
1,2322,8203,-146,-577
1,2323,8199,-133,-585
1,2324,8189,-132,-582
1,2325,8188,-137,-607
1,2326,8187,-141,-583
1,2327,8188,-153,-583
1,2328,8185,-149,-602
1,2329,8188,-144,-607
1,2330,8192,-154,-583
1,2331,8195,-155,-595
1,2332,8199,-156,-612
1,2333,8200,-151,-613
1,2334,8202,-149,-624
1,2335,8191,-159,-624
1,2336,8192,-153,-618
1,2337,8185,-152,-625
1,2338,8184,-157,-618
1,2339,8187,-163,-602
1,2340,8197,-176,-607
1,2341,8183,-165,-613
1,2342,8187,-155,-619
1,2343,8201,-149,-608
1,2344,8197,-152,-588
1,2345,8195,-145,-602
1,2346,8188,-148,-613
1,2347,8185,-152,-597
1,2348,8172,-154,-587
1,2349,8180,-163,-607
1,2350,8195,-157,-590
1,2351,8196,-151,-588
1,2352,8190,-165,-589
1,2353,8189,-166,-595
1,2354,8202,-156,-594
1,2355,8202,-144,-603
1,2356,8199,-145,-573
1,2357,8196,-152,-572
1,2358,8200,-149,-569
1,2359,8187,-146,-585
1,2360,8202,-153,-592
1,2361,8188,-153,-588
1,2362,8178,-145,-590
1,2363,8182,-160,-585
1,2364,8180,-170,-609
1,2365,8169,-164,-615
1,2366,8176,-173,-621
1,2367,8176,-169,-614
1,2368,8194,-158,-608
1,2369,8180,-149,-612
1,2370,8183,-147,-620
1,2371,8181,-157,-623
1,2372,8178,-161,-612
1,2373,8184,-151,-603
1,2374,8180,-155,-598
1,2375,8193,-155,-612
1,2376,8200,-152,-615
1,2377,8208,-150,-593
1,2378,8199,-153,-607
1,2379,8203,-155,-627
1,2380,8193,-158,-616
1,2381,8187,-164,-606
1,2382,8183,-160,-603
1,2383,8186,-153,-610
1,2384,8186,-160,-603
1,2385,8190,-150,-584
1,2386,8177,-152,-591
1,2387,8176,-159,-601
1,2388,8182,-164,-600
1,2389,8196,-162,-601
1,2390,8194,-150,-602
1,2391,8201,-137,-602
1,2392,8193,-139,-616
1,2393,8187,-140,-604
1,2394,8202,-156,-596
1,2395,8196,-175,-592
1,2396,8204,-178,-614
1,2397,8205,-170,-616
1,2398,8200,-165,-608
1,2399,8176,-157,-594
1,2400,8179,-167,-597
1,2401,8183,-175,-611
1,2402,8177,-165,-599
1,2403,8172,-166,-600
1,2404,8166,-163,-603
1,2405,8178,-152,-592
1,2406,8177,-164,-582
1,2407,8187,-182,-602
1,2408,8180,-178,-602
1,2409,8187,-158,-605
1,2410,8188,-152,-607
1,2411,8179,-156,-597
1,2412,8171,-145,-612
1,2413,8170,-144,-614
1,2414,8161,-149,-616
1,2415,8163,-154,-611
1,2416,8163,-149,-616
1,2417,8170,-149,-608
1,2418,8187,-150,-598
1,2419,8195,-167,-591
1,2420,8201,-173,-574
1,2421,8199,-169,-593
1,2422,8204,-158,-598
1,2423,8214,-159,-606
1,2424,8200,-154,-597
1,2425,8202,-156,-607
1,2426,8197,-152,-602
1,2427,8203,-149,-605
1,2428,8190,-148,-612
1,2429,8180,-153,-600
1,2430,8185,-152,-605
1,2431,8182,-161,-605
1,2432,8179,-182,-600
1,2433,8181,-183,-598
1,2434,8191,-181,-605
1,2435,8182,-164,-599
1,2436,8181,-158,-608
1,2437,8182,-158,-619
1,2438,8188,-155,-619
1,2439,8185,-146,-621
1,2440,8176,-150,-632
1,2441,8188,-142,-649
1,2442,8193,-146,-643
1,2443,8187,-146,-635
1,2444,8166,-152,-608
1,2445,8160,-163,-601
1,2446,8162,-180,-593
1,2447,8156,-178,-592
1,2448,8163,-183,-603
1,2449,8168,-174,-606
1,2450,8184,-154,-604
1,2451,8189,-156,-604
1,2452,8193,-145,-608
1,2453,8194,-151,-604
1,2454,8189,-147,-596
1,2455,8187,-151,-599
1,2456,8179,-159,-598
1,2457,8192,-163,-599
1,2458,8188,-163,-608
1,2459,8184,-170,-612
1,2460,8186,-167,-626
1,2461,8190,-163,-626
1,2462,8197,-168,-622
1,2463,8195,-166,-616
1,2464,8196,-157,-612
1,2465,8191,-158,-601
1,2466,8198,-143,-603
1,2467,8196,-146,-621
1,2468,8197,-158,-612
1,2469,8213,-153,-610
1,2470,8204,-148,-607
1,2471,8210,-153,-603
1,2472,8209,-151,-611
1,2473,8203,-152,-603
1,2474,8199,-150,-600
1,2475,8202,-156,-595
1,2476,8203,-151,-610
1,2477,8206,-153,-616
1,2478,8197,-148,-602
1,2479,8187,-144,-594
1,2480,8181,-155,-609
1,2481,8192,-169,-607
1,2482,8196,-177,-597
1,2483,8183,-179,-596
1,2484,8187,-185,-591
1,2485,8182,-182,-590
1,2486,8184,-168,-598
1,2487,8193,-157,-604
1,2488,8186,-156,-607
1,2489,8193,-150,-616
1,2490,8194,-157,-625
1,2491,8184,-156,-610
1,2492,8184,-166,-609
1,2493,8179,-160,-593
1,2494,8192,-155,-582
1,2495,8193,-153,-573
1,2496,8195,-154,-564
1,2497,8188,-149,-578
